"Name","URI","Region GSS code","Period","Sales volume","Reporting period","House price index All property types","Average price All property types","Percentage_change_All_property_types","Percentage change (yearly) All property types","House price index Detached houses","Average price Detached houses","Percentage change (monthly) Detached houses","Percentage change (yearly) Detached houses","House price index Semi-detached houses","Average price Semi-detached houses","Percentage change (monthly) Semi-detached houses","Percentage change (yearly) Semi-detached houses","House price index Terraced houses","Average price Terraced houses","Percentage change (monthly) Terraced houses","Percentage change (yearly) Terraced houses","House price index Flats and maisonettes","Average price Flats and maisonettes","Percentage change (monthly) Flats and maisonettes","Percentage change (yearly) Flats and maisonettes","Date"
London,http://landregistry.data.gov.uk/id/region/london,E12000007,2000-01,11333,monthly,32.37,130411,1.95,23.38,37.79,280980,5.89,24.03,35.05,165413,3.94,22.79,31.26,127833,2.49,23.73,31.92,115506,0.38,23.28,2000-01-01
London,http://landregistry.data.gov.uk/id/region/london,E12000007,2000-02,11414,monthly,32.94,132705,1.76,26.06,37.63,279796,-0.42,24.08,35.05,165391,-0.01,23.24,31.72,129708,1.47,26.12,32.79,118641,2.71,27.08,2000-02-01
London,http://landregistry.data.gov.uk/id/region/london,E12000007,2000-03,14645,monthly,33.33,134286,1.19,25.04,38.28,284608,1.72,25.02,35.69,168433,1.84,23.84,32.27,131957,1.73,25.58,32.98,119340,0.59,24.98,2000-03-01
London,http://landregistry.data.gov.uk/id/region/london,E12000007,2000-04,12667,monthly,34.92,140670,4.75,28.32,39.54,293946,3.28,26.41,36.92,174235,3.44,25.61,33.42,136659,3.56,26.36,34.99,126608,6.09,30.69,2000-04-01
London,http://landregistry.data.gov.uk/id/region/london,E12000007,2000-05,13099,monthly,34.97,140862,0.14,26.66,40.04,297670,1.27,28.16,37.46,176792,1.47,26.46,33.6,137401,0.54,25.79,34.77,125794,-0.64,27.02,2000-05-01
London,http://landregistry.data.gov.uk/id/region/london,E12000007,2000-06,14270,monthly,35.63,143542,1.9,26.67,40.19,298774,0.37,24.31,37.94,179057,1.28,24.91,34.13,139575,1.58,25.02,35.62,128870,2.44,28.54,2000-06-01
London,http://landregistry.data.gov.uk/id/region/london,E12000007,2000-07,13278,monthly,36.3,146228,1.87,24.95,42.1,313017,4.77,25.48,38.86,183384,2.42,24.53,34.89,142702,2.24,23.6,36.05,130434,1.21,25.9,2000-07-01
London,http://landregistry.data.gov.uk/id/region/london,E12000007,2000-08,12690,monthly,36.56,147284,0.72,23.4,41.95,311885,-0.36,23.63,39.05,184296,0.5,23.21,34.8,142302,-0.28,20.87,36.61,132453,1.55,25.04,2000-08-01
London,http://landregistry.data.gov.uk/id/region/london,E12000007,2000-09,11521,monthly,36.57,147316,0.02,20.15,42.34,314775,0.93,20.91,38.85,183347,-0.52,20.21,34.88,142656,0.25,19.22,36.59,132409,-0.03,20.42,2000-09-01
London,http://landregistry.data.gov.uk/id/region/london,E12000007,2000-10,11068,monthly,36.15,145626,-1.15,18.39,42.34,314817,0.01,20.29,39.14,184698,0.74,19.25,34.49,141042,-1.13,17.65,35.92,129962,-1.85,18.29,2000-10-01
London,http://landregistry.data.gov.uk/id/region/london,E12000007,2000-11,11301,monthly,36.66,147666,1.4,17.39,42.26,314211,-0.19,17.61,38.72,182742,-1.06,15.62,34.65,141687,0.46,14.89,36.98,133810,2.96,19.49,2000-11-01
London,http://landregistry.data.gov.uk/id/region/london,E12000007,2000-12,11983,monthly,36.61,147483,-0.12,15.3,41.37,307562,-2.12,15.91,38.68,182542,-0.11,14.7,34.72,141993,0.22,13.84,36.92,133575,-0.18,16.08,2000-12-01
London,http://landregistry.data.gov.uk/id/region/london,E12000007,2001-01,10315,monthly,37.12,149543,1.4,14.67,42.19,313677,1.99,11.64,39.28,185344,1.54,12.05,35.4,144786,1.97,13.26,37.26,134820,0.93,16.72,2001-01-01
London,http://landregistry.data.gov.uk/id/region/london,E12000007,2001-02,9963,monthly,37.18,149776,0.16,12.86,42.62,316859,1.01,13.25,39.67,187191,1.0,13.18,35.56,145438,0.45,12.13,37.1,134244,-0.43,13.15,2001-02-01
London,http://landregistry.data.gov.uk/id/region/london,E12000007,2001-03,12882,monthly,37.47,150941,0.78,12.4,42.04,312590,-1.35,9.83,39.54,186613,-0.31,10.79,35.74,146149,0.49,10.76,37.68,136351,1.57,14.25,2001-03-01
London,http://landregistry.data.gov.uk/id/region/london,E12000007,2001-04,12330,monthly,37.95,152865,1.27,8.67,42.71,317568,1.59,8.04,39.83,187982,0.73,7.89,36.31,148477,1.59,8.65,38.14,137996,1.21,8.99,2001-04-01
London,http://landregistry.data.gov.uk/id/region/london,E12000007,2001-05,13965,monthly,39.01,157156,2.81,11.57,43.06,320126,0.81,7.54,40.72,192150,2.22,8.69,37.27,152402,2.64,10.92,39.4,142572,3.32,13.34,2001-05-01
London,http://landregistry.data.gov.uk/id/region/london,E12000007,2001-06,15564,monthly,39.41,158760,1.02,10.6,43.3,321946,0.57,7.76,41.06,193754,0.83,8.21,37.37,152838,0.29,9.5,40.06,144946,1.67,12.48,2001-06-01
London,http://landregistry.data.gov.uk/id/region/london,E12000007,2001-07,16048,monthly,40.0,161122,1.49,10.19,45.34,337102,4.71,7.69,42.29,199554,2.99,8.82,38.15,156018,2.08,9.33,40.16,145315,0.25,11.41,2001-07-01
London,http://landregistry.data.gov.uk/id/region/london,E12000007,2001-08,17306,monthly,40.87,164628,2.18,11.78,45.85,340860,1.11,9.29,42.77,201833,1.14,9.52,38.97,159357,2.14,11.99,41.23,149188,2.67,12.63,2001-08-01
London,http://landregistry.data.gov.uk/id/region/london,E12000007,2001-09,13820,monthly,40.91,164820,0.12,11.88,46.29,344116,0.96,9.32,42.97,202792,0.48,10.61,39.0,159498,0.09,11.81,41.2,149093,-0.06,12.6,2001-09-01
London,http://landregistry.data.gov.uk/id/region/london,E12000007,2001-10,14320,monthly,41.25,166189,0.83,14.12,46.86,348354,1.23,10.65,43.65,205977,1.57,11.52,39.4,161134,1.03,14.25,41.37,149680,0.39,15.17,2001-10-01
London,http://landregistry.data.gov.uk/id/region/london,E12000007,2001-11,14294,monthly,41.51,167214,0.62,13.24,46.61,346501,-0.53,10.28,43.82,206766,0.38,13.15,39.41,161179,0.03,13.76,41.88,151527,1.23,13.24,2001-11-01
London,http://landregistry.data.gov.uk/id/region/london,E12000007,2001-12,11937,monthly,41.63,167693,0.29,13.7,45.82,340664,-1.68,10.76,43.52,205384,-0.67,12.51,39.22,160381,-0.5,12.95,42.45,153617,1.38,15.0,2001-12-01
London,http://landregistry.data.gov.uk/id/region/london,E12000007,2002-01,10337,monthly,42.16,169841,1.28,13.57,47.42,352528,3.48,12.39,44.65,210722,2.6,13.69,39.97,163445,1.91,12.89,42.53,153883,0.17,14.14,2002-01-01
London,http://landregistry.data.gov.uk/id/region/london,E12000007,2002-02,10786,monthly,42.32,170502,0.39,13.84,46.74,347520,-1.42,9.68,44.35,209278,-0.69,11.8,40.28,164721,0.78,13.26,42.8,154884,0.65,15.38,2002-02-01
London,http://landregistry.data.gov.uk/id/region/london,E12000007,2002-03,13747,monthly,42.88,172749,1.32,14.45,47.32,351801,1.23,12.54,44.92,211962,1.28,13.58,40.73,166555,1.11,13.96,43.44,157187,1.49,15.28,2002-03-01
London,http://landregistry.data.gov.uk/id/region/london,E12000007,2002-04,14025,monthly,44.24,178218,3.17,16.58,48.41,359916,2.31,13.34,46.0,217092,2.42,15.49,41.72,170602,2.43,14.9,45.2,163549,4.05,18.52,2002-04-01
London,http://landregistry.data.gov.uk/id/region/london,E12000007,2002-05,17735,monthly,45.38,182805,2.57,16.32,49.43,367527,2.11,14.81,47.42,223779,3.08,16.46,42.98,175772,3.03,15.33,46.15,166997,2.11,17.13,2002-05-01
London,http://landregistry.data.gov.uk/id/region/london,E12000007,2002-06,14368,monthly,46.18,186038,1.77,17.18,49.73,369726,0.6,14.84,47.58,224529,0.33,15.88,43.6,178283,1.43,16.65,47.37,171396,2.63,18.25,2002-06-01
London,http://landregistry.data.gov.uk/id/region/london,E12000007,2002-07,18061,monthly,47.45,191162,2.75,18.64,52.44,389899,5.46,15.66,49.57,233908,4.18,17.21,45.17,184737,3.62,18.41,48.03,173793,1.4,19.6,2002-07-01
London,http://landregistry.data.gov.uk/id/region/london,E12000007,2002-08,17567,monthly,48.49,195333,2.18,18.65,53.08,394662,1.22,15.78,50.69,239197,2.26,18.51,46.25,189142,2.38,18.69,49.04,177432,2.09,18.93,2002-08-01
London,http://landregistry.data.gov.uk/id/region/london,E12000007,2002-09,15091,monthly,48.91,197045,0.88,19.55,53.69,399194,1.15,16.01,51.42,242636,1.44,19.65,46.56,190416,0.67,19.39,49.43,178855,0.8,19.96,2002-09-01
London,http://landregistry.data.gov.uk/id/region/london,E12000007,2002-10,14509,monthly,49.42,199092,1.04,19.8,54.43,404694,1.38,16.17,52.34,246998,1.8,19.92,47.12,192683,1.19,19.58,49.74,179988,0.63,20.25,2002-10-01
London,http://landregistry.data.gov.uk/id/region/london,E12000007,2002-11,14324,monthly,50.27,202527,1.73,21.12,55.48,412507,1.93,19.05,52.73,248842,0.75,20.35,47.73,195211,1.31,21.11,50.91,184228,2.36,21.58,2002-11-01
London,http://landregistry.data.gov.uk/id/region/london,E12000007,2002-12,13443,monthly,50.5,203437,0.45,21.32,54.87,407963,-1.1,19.76,53.48,252359,1.41,22.87,48.03,196414,0.62,22.47,50.98,184471,0.13,20.08,2002-12-01
London,http://landregistry.data.gov.uk/id/region/london,E12000007,2003-01,11365,monthly,51.42,207162,1.83,21.97,56.38,419137,2.74,18.89,53.96,254641,0.9,20.84,49.4,202041,2.86,23.61,51.66,186926,1.33,21.47,2003-01-01
London,http://landregistry.data.gov.uk/id/region/london,E12000007,2003-02,10320,monthly,51.25,206464,-0.34,21.09,55.82,414982,-0.99,19.41,54.38,256602,0.77,22.61,48.93,200114,-0.95,21.49,51.55,186523,-0.22,20.43,2003-02-01
London,http://landregistry.data.gov.uk/id/region/london,E12000007,2003-03,10600,monthly,51.03,205573,-0.43,19.0,55.86,415288,0.07,18.05,54.05,255085,-0.59,20.34,48.84,199740,-0.19,19.92,51.24,185407,-0.6,17.95,2003-03-01
London,http://landregistry.data.gov.uk/id/region/london,E12000007,2003-04,10380,monthly,51.62,207953,1.16,16.69,55.94,415921,0.15,15.56,54.69,258067,1.17,18.87,49.18,201120,0.69,17.89,52.05,188347,1.59,15.16,2003-04-01
London,http://landregistry.data.gov.uk/id/region/london,E12000007,2003-05,11169,monthly,52.27,210583,1.26,15.2,56.35,418968,0.73,14.0,55.43,261553,1.35,16.88,50.31,205740,2.3,17.05,52.33,189359,0.54,13.39,2003-05-01
London,http://landregistry.data.gov.uk/id/region/london,E12000007,2003-06,11990,monthly,51.87,208941,-0.78,12.31,56.18,417655,-0.31,12.96,54.93,259215,-0.89,15.45,49.61,202891,-1.38,13.8,52.15,188717,-0.34,10.11,2003-06-01
London,http://landregistry.data.gov.uk/id/region/london,E12000007,2003-07,13468,monthly,53.07,213806,2.33,11.85,57.36,426441,2.1,9.37,56.38,266051,2.64,13.74,51.06,208794,2.91,13.02,53.1,192154,1.82,10.56,2003-07-01
London,http://landregistry.data.gov.uk/id/region/london,E12000007,2003-08,14417,monthly,52.8,212692,-0.52,8.89,57.0,423770,-0.63,7.38,56.04,264469,-0.59,10.57,50.9,208159,-0.3,10.05,52.76,190918,-0.64,7.6,2003-08-01
London,http://landregistry.data.gov.uk/id/region/london,E12000007,2003-09,14741,monthly,52.85,212901,0.1,8.05,57.67,428779,1.18,7.41,56.39,266092,0.61,9.67,51.0,208553,0.19,9.52,52.63,190449,-0.25,6.48,2003-09-01
London,http://landregistry.data.gov.uk/id/region/london,E12000007,2003-10,15741,monthly,53.27,214608,0.8,7.79,57.52,427660,-0.26,5.67,56.66,267387,0.49,8.25,51.45,210387,0.88,9.19,53.13,192263,0.95,6.82,2003-10-01
London,http://landregistry.data.gov.uk/id/region/london,E12000007,2003-11,14754,monthly,53.51,215556,0.44,6.43,57.19,425184,-0.58,3.07,56.65,267314,-0.03,7.42,51.73,211536,0.55,8.36,53.47,193463,0.62,5.01,2003-11-01
London,http://landregistry.data.gov.uk/id/region/london,E12000007,2003-12,14839,monthly,53.86,216971,0.66,6.65,56.61,420852,-1.02,3.16,56.77,267879,0.21,6.15,51.76,211690,0.07,7.78,54.21,196159,1.39,6.34,2003-12-01
London,http://landregistry.data.gov.uk/id/region/london,E12000007,2004-01,12767,monthly,54.33,218855,0.87,5.64,58.42,434342,3.21,3.63,57.5,271332,1.29,6.55,52.46,214541,1.35,6.19,54.3,196490,0.17,5.12,2004-01-01
London,http://landregistry.data.gov.uk/id/region/london,E12000007,2004-02,12160,monthly,54.56,219804,0.43,6.46,58.51,434984,0.15,4.82,57.87,273084,0.65,6.42,52.92,216428,0.88,8.15,54.36,196693,0.1,5.45,2004-02-01
London,http://landregistry.data.gov.uk/id/region/london,E12000007,2004-03,14409,monthly,54.94,221324,0.69,7.66,58.12,432135,-0.66,4.06,57.51,271383,-0.62,6.39,53.18,217492,0.49,8.89,55.09,199326,1.34,7.51,2004-03-01
London,http://landregistry.data.gov.uk/id/region/london,E12000007,2004-04,14873,monthly,56.07,225863,2.05,8.61,58.59,435578,0.8,4.73,59.04,278620,2.67,7.96,54.63,223420,2.73,11.09,55.93,202365,1.52,7.44,2004-04-01
London,http://landregistry.data.gov.uk/id/region/london,E12000007,2004-05,13613,monthly,56.43,227330,0.65,7.95,57.86,430197,-1.24,2.68,59.19,279298,0.24,6.78,54.82,224193,0.35,8.97,56.55,204628,1.12,8.06,2004-05-01
London,http://landregistry.data.gov.uk/id/region/london,E12000007,2004-06,16163,monthly,57.13,230156,1.24,10.15,58.95,438283,1.88,4.94,59.72,281838,0.91,8.73,55.25,225947,0.78,11.36,57.45,207895,1.6,10.16,2004-06-01
London,http://landregistry.data.gov.uk/id/region/london,E12000007,2004-07,17612,monthly,58.06,233877,1.62,9.39,60.19,447529,2.11,4.95,61.11,288388,2.32,8.4,56.65,231683,2.54,10.96,57.9,209501,0.77,9.03,2004-07-01
London,http://landregistry.data.gov.uk/id/region/london,E12000007,2004-08,15020,monthly,58.29,234836,0.41,10.41,60.92,452951,1.21,6.89,61.17,288655,0.09,9.15,56.83,232422,0.32,11.66,58.19,210563,0.51,10.29,2004-08-01
London,http://landregistry.data.gov.uk/id/region/london,E12000007,2004-09,13500,monthly,58.12,234134,-0.3,9.97,60.74,451595,-0.3,5.32,61.06,288161,-0.17,8.29,56.71,231902,-0.22,11.2,57.97,209748,-0.39,10.13,2004-09-01
London,http://landregistry.data.gov.uk/id/region/london,E12000007,2004-10,12031,monthly,57.66,232287,-0.79,8.24,60.33,448530,-0.68,4.88,60.71,286511,-0.57,7.15,56.26,230059,-0.79,9.35,57.47,207943,-0.86,8.16,2004-10-01
London,http://landregistry.data.gov.uk/id/region/london,E12000007,2004-11,10790,monthly,58.26,234718,1.05,8.89,60.43,449256,0.16,5.66,61.01,287896,0.48,7.7,56.66,231718,0.72,9.54,58.33,211065,1.5,9.1,2004-11-01
London,http://landregistry.data.gov.uk/id/region/london,E12000007,2004-12,10859,monthly,57.14,230185,-1.93,6.09,59.36,441332,-1.76,4.87,59.85,282435,-1.9,5.43,55.64,227556,-1.8,7.49,57.14,206756,-2.04,5.4,2004-12-01
London,http://landregistry.data.gov.uk/id/region/london,E12000007,2005-01,8020,monthly,57.69,232422,0.97,6.2,60.29,448212,1.56,3.19,60.27,284417,0.7,4.82,56.38,230578,1.33,7.48,57.59,208376,0.78,6.05,2005-01-01
London,http://landregistry.data.gov.uk/id/region/london,E12000007,2005-02,7829,monthly,57.42,231321,-0.47,5.24,59.55,442730,-1.22,1.78,60.08,283523,-0.31,3.82,56.06,229239,-0.58,5.92,57.36,207548,-0.4,5.52,2005-02-01
London,http://landregistry.data.gov.uk/id/region/london,E12000007,2005-03,9361,monthly,57.41,231263,-0.03,4.49,59.2,440100,-0.59,1.84,59.82,282278,-0.44,4.01,56.19,229777,0.23,5.65,57.35,207511,-0.02,4.11,2005-03-01
London,http://landregistry.data.gov.uk/id/region/london,E12000007,2005-04,10290,monthly,58.43,235367,1.77,4.21,59.61,443176,0.7,1.74,60.8,286920,1.64,2.98,57.29,234290,1.96,4.87,58.37,211199,1.78,4.37,2005-04-01
London,http://landregistry.data.gov.uk/id/region/london,E12000007,2005-05,10649,monthly,58.5,235685,0.14,3.68,60.25,447963,1.08,4.13,61.1,288344,0.5,3.24,57.2,233940,-0.15,4.35,58.45,211479,0.13,3.35,2005-05-01
London,http://landregistry.data.gov.uk/id/region/london,E12000007,2005-06,12308,monthly,58.56,235899,0.09,2.5,59.59,443028,-1.1,1.08,60.93,287519,-0.29,2.02,57.69,235917,0.85,4.41,58.34,211100,-0.18,1.54,2005-06-01
London,http://landregistry.data.gov.uk/id/region/london,E12000007,2005-07,13536,monthly,59.05,237872,0.84,1.71,60.42,449202,1.39,0.37,61.65,290947,1.19,0.89,58.02,237279,0.58,2.42,58.84,212892,0.85,1.62,2005-07-01
London,http://landregistry.data.gov.uk/id/region/london,E12000007,2005-08,13208,monthly,59.07,237971,0.04,1.34,60.51,449857,0.15,-0.68,61.16,288600,-0.81,-0.02,58.01,237217,-0.03,2.06,59.04,213620,0.34,1.45,2005-08-01
London,http://landregistry.data.gov.uk/id/region/london,E12000007,2005-09,13541,monthly,58.81,236916,-0.44,1.19,60.75,451638,0.4,0.01,61.52,290297,0.59,0.74,58.04,237361,0.06,2.35,58.36,211176,-1.14,0.68,2005-09-01
London,http://landregistry.data.gov.uk/id/region/london,E12000007,2005-10,12382,monthly,58.16,234298,-1.1,0.87,59.58,442924,-1.93,-1.25,60.64,286183,-1.42,-0.11,57.26,234167,-1.35,1.79,57.9,209507,-0.79,0.75,2005-10-01
London,http://landregistry.data.gov.uk/id/region/london,E12000007,2005-11,12568,monthly,58.72,236561,0.97,0.79,59.91,445427,0.57,-0.85,61.08,288242,0.72,0.12,57.84,236536,1.01,2.08,58.5,211694,1.04,0.3,2005-11-01
London,http://landregistry.data.gov.uk/id/region/london,E12000007,2005-12,13144,monthly,59.17,238377,0.77,3.56,59.04,438936,-1.46,-0.54,60.47,285358,-1.0,1.03,57.98,237127,0.25,4.21,59.58,215567,1.83,4.26,2005-12-01
London,http://landregistry.data.gov.uk/id/region/london,E12000007,2006-01,10862,monthly,59.54,239846,0.62,3.19,61.07,454025,3.44,1.3,61.79,291590,2.18,2.52,58.69,240015,1.22,4.09,59.3,214584,-0.46,2.98,2006-01-01
London,http://landregistry.data.gov.uk/id/region/london,E12000007,2006-02,10885,monthly,59.36,239115,-0.3,3.37,60.34,448642,-1.19,1.34,61.44,289915,-0.57,2.25,58.29,238395,-0.68,3.99,59.36,214773,0.09,3.48,2006-02-01
London,http://landregistry.data.gov.uk/id/region/london,E12000007,2006-03,13982,monthly,59.92,241380,0.95,4.37,61.08,454096,1.22,3.18,61.89,292056,0.74,3.46,59.02,241348,1.24,5.04,59.84,216507,0.81,4.34,2006-03-01
London,http://landregistry.data.gov.uk/id/region/london,E12000007,2006-04,11953,monthly,60.93,245474,1.7,4.29,61.26,455431,0.29,2.77,62.77,296200,1.42,3.23,60.09,245745,1.82,4.89,60.93,220453,1.82,4.38,2006-04-01
London,http://landregistry.data.gov.uk/id/region/london,E12000007,2006-05,13349,monthly,61.46,247591,0.86,5.05,61.92,460366,1.08,2.77,63.11,297797,0.54,3.28,60.4,247011,0.52,5.59,61.63,223018,1.16,5.46,2006-05-01
London,http://landregistry.data.gov.uk/id/region/london,E12000007,2006-06,16075,monthly,62.41,251417,1.55,6.58,62.67,465913,1.2,5.17,63.84,301279,1.17,4.79,61.55,251705,1.9,6.69,62.54,226295,1.47,7.2,2006-06-01
London,http://landregistry.data.gov.uk/id/region/london,E12000007,2006-07,16182,monthly,63.02,253883,0.98,6.73,63.64,473171,1.56,5.34,64.89,306203,1.63,5.24,62.58,255910,1.67,7.85,62.73,226972,0.3,6.61,2006-07-01
London,http://landregistry.data.gov.uk/id/region/london,E12000007,2006-08,16833,monthly,63.72,256704,1.11,7.87,64.37,478540,1.13,6.38,65.46,308896,0.88,7.03,63.07,257927,0.79,8.73,63.6,230115,1.39,7.72,2006-08-01
London,http://landregistry.data.gov.uk/id/region/london,E12000007,2006-09,15674,monthly,63.93,257541,0.33,8.71,64.99,483177,0.97,6.98,65.72,310130,0.4,6.83,63.05,257836,-0.04,8.63,63.9,231214,0.48,9.49,2006-09-01
London,http://landregistry.data.gov.uk/id/region/london,E12000007,2006-10,15193,monthly,64.32,259115,0.61,10.59,64.99,483203,0.01,9.09,65.95,311206,0.35,8.74,63.39,259231,0.54,10.7,64.4,233036,0.79,11.23,2006-10-01
London,http://landregistry.data.gov.uk/id/region/london,E12000007,2006-11,15230,monthly,64.25,258814,-0.12,9.41,65.22,484883,0.35,8.86,66.25,312651,0.46,8.47,63.61,260129,0.35,9.97,64.0,231582,-0.62,9.39,2006-11-01
London,http://landregistry.data.gov.uk/id/region/london,E12000007,2006-12,15232,monthly,65.66,264494,2.19,10.96,66.08,491261,1.32,11.92,67.06,316458,1.22,10.9,64.73,264717,1.76,11.63,65.82,238180,2.85,10.49,2006-12-01
London,http://landregistry.data.gov.uk/id/region/london,E12000007,2007-01,12794,monthly,66.44,267658,1.2,11.6,66.78,496475,1.06,9.35,67.73,319628,1.0,9.62,65.62,268351,1.37,11.81,66.59,240937,1.16,12.28,2007-01-01
London,http://landregistry.data.gov.uk/id/region/london,E12000007,2007-02,12194,monthly,67.22,270780,1.17,13.24,67.48,501729,1.06,11.83,68.38,322708,0.96,11.31,65.81,269149,0.3,12.9,67.74,245120,1.74,14.13,2007-02-01
London,http://landregistry.data.gov.uk/id/region/london,E12000007,2007-03,14546,monthly,67.89,273479,1.0,13.3,68.13,506544,0.96,11.55,68.97,325473,0.86,11.44,67.05,274191,1.87,13.61,68.11,246442,0.54,13.83,2007-03-01
London,http://landregistry.data.gov.uk/id/region/london,E12000007,2007-04,12568,monthly,69.21,278805,1.95,13.58,68.95,512600,1.2,12.55,70.1,330825,1.64,11.69,68.63,280670,2.36,14.21,69.37,251019,1.86,13.86,2007-04-01
London,http://landregistry.data.gov.uk/id/region/london,E12000007,2007-05,14059,monthly,70.18,282726,1.41,14.19,69.31,515304,0.53,11.93,70.8,334101,0.99,12.19,69.07,282458,0.64,14.35,70.79,256149,2.04,14.86,2007-05-01
London,http://landregistry.data.gov.uk/id/region/london,E12000007,2007-06,15799,monthly,70.98,285958,1.14,13.74,70.61,524980,1.88,12.68,71.52,337493,1.02,12.02,69.9,285874,1.21,13.58,71.56,258918,1.08,14.42,2007-06-01
London,http://landregistry.data.gov.uk/id/region/london,E12000007,2007-07,16037,monthly,73.4,295694,3.4,16.47,73.68,547759,4.34,15.76,74.38,350983,4.0,14.62,72.38,296015,3.55,15.67,73.76,266890,3.08,17.59,2007-07-01
London,http://landregistry.data.gov.uk/id/region/london,E12000007,2007-08,16824,monthly,73.89,297653,0.66,15.95,73.47,546248,-0.28,14.15,74.2,350162,-0.23,13.36,73.11,298971,1.0,15.91,74.35,269035,0.8,16.91,2007-08-01
London,http://landregistry.data.gov.uk/id/region/london,E12000007,2007-09,13748,monthly,74.08,298414,0.26,15.87,74.37,552891,1.22,14.43,74.53,351709,0.44,13.41,72.76,297548,-0.48,15.4,74.76,270506,0.55,16.99,2007-09-01
London,http://landregistry.data.gov.uk/id/region/london,E12000007,2007-10,13890,monthly,74.11,298559,0.05,15.22,74.77,555873,0.54,15.04,74.49,351538,-0.05,12.96,72.77,297591,0.01,14.8,74.8,270658,0.06,16.14,2007-10-01
London,http://landregistry.data.gov.uk/id/region/london,E12000007,2007-11,13174,monthly,73.89,297648,-0.31,15.0,75.39,560486,0.83,15.59,75.2,354894,0.95,13.51,72.61,296952,-0.21,14.16,74.2,268479,-0.81,15.93,2007-11-01
London,http://landregistry.data.gov.uk/id/region/london,E12000007,2007-12,9938,monthly,73.97,297994,0.12,12.67,74.21,551709,-1.57,12.3,74.66,352333,-0.72,11.34,72.45,296305,-0.22,11.93,74.71,270329,0.69,13.5,2007-12-01
London,http://landregistry.data.gov.uk/id/region/london,E12000007,2008-01,8541,monthly,74.12,298596,0.2,11.56,75.65,562436,1.94,13.29,75.02,354015,0.48,10.76,72.93,298254,0.66,11.14,74.5,269578,-0.28,11.89,2008-01-01
London,http://landregistry.data.gov.uk/id/region/london,E12000007,2008-02,8773,monthly,73.4,295700,-0.97,9.2,74.38,552961,-1.68,10.21,74.43,351217,-0.79,8.83,72.05,294639,-1.21,9.47,73.88,267322,-0.84,9.06,2008-02-01
London,http://landregistry.data.gov.uk/id/region/london,E12000007,2008-03,8002,monthly,72.88,293605,-0.71,7.36,73.7,547952,-0.91,8.17,74.08,349568,-0.47,7.4,72.09,294811,0.06,7.52,73.02,264226,-1.16,7.22,2008-03-01
London,http://landregistry.data.gov.uk/id/region/london,E12000007,2008-04,8074,monthly,73.07,294346,0.25,5.57,75.01,557690,1.78,8.8,74.06,349515,-0.01,5.65,72.06,294697,-0.04,5.0,73.29,265191,0.37,5.65,2008-04-01
London,http://landregistry.data.gov.uk/id/region/london,E12000007,2008-05,8075,monthly,73.27,295163,0.28,4.4,73.98,550050,-1.37,6.74,74.33,350758,0.36,4.99,72.21,295286,0.2,4.54,73.6,266306,0.42,3.97,2008-05-01
London,http://landregistry.data.gov.uk/id/region/london,E12000007,2008-06,7540,monthly,72.01,290100,-1.72,1.45,72.98,542550,-1.36,3.35,73.09,344894,-1.67,2.19,71.38,291896,-1.15,2.11,72.09,260848,-2.05,0.75,2008-06-01
London,http://landregistry.data.gov.uk/id/region/london,E12000007,2008-07,6935,monthly,72.05,290261,0.06,-1.84,73.47,546197,0.67,-0.29,72.79,343508,-0.4,-2.13,70.62,288804,-1.06,-2.44,72.61,262734,0.72,-1.56,2008-07-01
London,http://landregistry.data.gov.uk/id/region/london,E12000007,2008-08,5982,monthly,69.93,281721,-2.94,-5.35,71.6,532326,-2.54,-2.55,71.16,335791,-2.25,-4.1,68.79,281308,-2.6,-5.91,70.19,253968,-3.34,-5.6,2008-08-01
London,http://landregistry.data.gov.uk/id/region/london,E12000007,2008-09,5191,monthly,68.63,276487,-1.86,-7.35,70.51,524235,-1.52,-5.18,69.26,326819,-2.67,-7.08,67.14,274565,-2.4,-7.72,69.22,250460,-1.38,-7.41,2008-09-01
London,http://landregistry.data.gov.uk/id/region/london,E12000007,2008-10,5225,monthly,66.28,266999,-3.43,-10.57,68.15,506702,-3.34,-8.85,67.0,316158,-3.26,-10.06,64.29,262929,-4.24,-11.65,67.1,242805,-3.06,-10.29,2008-10-01
London,http://landregistry.data.gov.uk/id/region/london,E12000007,2008-11,4078,monthly,64.2,258647,-3.13,-13.1,66.32,493046,-2.69,-12.03,65.43,308780,-2.33,-12.99,63.04,257811,-1.95,-13.18,64.43,233135,-3.98,-13.16,2008-11-01
London,http://landregistry.data.gov.uk/id/region/london,E12000007,2008-12,4505,monthly,63.02,253881,-1.84,-14.8,64.62,480437,-2.56,-12.92,64.35,303686,-1.65,-13.81,62.1,253948,-1.5,-14.3,63.13,228422,-2.02,-15.5,2008-12-01
London,http://landregistry.data.gov.uk/id/region/london,E12000007,2009-01,3269,monthly,62.83,253093,-0.31,-15.24,65.23,484980,0.95,-13.77,63.75,300817,-0.94,-15.03,61.15,250089,-1.52,-16.15,63.39,229353,0.41,-14.92,2009-01-01
London,http://landregistry.data.gov.uk/id/region/london,E12000007,2009-02,3251,monthly,62.02,249847,-1.28,-15.51,62.57,465160,-4.09,-15.88,62.81,296380,-1.48,-15.61,60.49,247380,-1.08,-16.04,62.72,226949,-1.05,-15.1,2009-02-01
London,http://landregistry.data.gov.uk/id/region/london,E12000007,2009-03,4097,monthly,61.38,247264,-1.03,-15.78,61.98,460766,-0.94,-15.91,61.84,291834,-1.53,-16.52,59.67,244007,-1.36,-17.23,62.31,225466,-0.65,-14.67,2009-03-01
London,http://landregistry.data.gov.uk/id/region/london,E12000007,2009-04,4323,monthly,60.9,245351,-0.77,-16.65,61.43,456683,-0.89,-18.11,61.85,291883,0.02,-16.49,59.63,243875,-0.05,-17.25,61.38,222092,-1.5,-16.25,2009-04-01
London,http://landregistry.data.gov.uk/id/region/london,E12000007,2009-05,5011,monthly,62.06,249991,1.89,-15.3,62.18,462317,1.23,-15.95,62.72,295985,1.41,-15.62,60.67,248103,1.73,-15.98,62.75,227052,2.23,-14.74,2009-05-01
London,http://landregistry.data.gov.uk/id/region/london,E12000007,2009-06,6001,monthly,62.95,253596,1.44,-12.58,63.02,468537,1.35,-13.64,63.49,299623,1.23,-13.13,62.16,254191,2.45,-12.92,63.3,229061,0.88,-12.19,2009-06-01
London,http://landregistry.data.gov.uk/id/region/london,E12000007,2009-07,7900,monthly,64.49,259793,2.44,-10.5,65.16,484437,3.39,-11.31,65.74,310207,3.53,-9.69,63.88,261258,2.78,-9.54,64.41,233071,1.75,-11.29,2009-07-01
London,http://landregistry.data.gov.uk/id/region/london,E12000007,2009-08,7548,monthly,65.06,262076,0.88,-6.97,66.16,491850,1.53,-7.6,66.59,314236,1.3,-6.42,64.54,263938,1.03,-6.17,64.78,234400,0.57,-7.71,2009-08-01
London,http://landregistry.data.gov.uk/id/region/london,E12000007,2009-09,7920,monthly,66.4,267501,2.07,-3.25,66.88,497220,1.09,-5.15,67.13,316791,0.81,-3.07,65.46,267705,1.43,-2.5,66.75,241515,3.04,-3.57,2009-09-01
London,http://landregistry.data.gov.uk/id/region/london,E12000007,2009-10,8449,monthly,66.72,268780,0.48,0.67,67.9,504815,1.53,-0.37,68.16,321628,1.53,1.73,66.14,270498,1.04,2.88,66.51,240658,-0.35,-0.88,2009-10-01
London,http://landregistry.data.gov.uk/id/region/london,E12000007,2009-11,7962,monthly,66.24,266837,-0.72,3.17,67.4,501064,-0.74,1.63,67.4,318077,-1.1,3.01,66.05,270130,-0.14,4.78,65.87,238347,-0.96,2.24,2009-11-01
London,http://landregistry.data.gov.uk/id/region/london,E12000007,2009-12,9500,monthly,67.05,270118,1.23,6.4,67.6,502617,0.31,4.62,68.64,323927,1.84,6.67,66.84,273328,1.18,7.63,66.62,241063,1.14,5.53,2009-12-01
London,http://landregistry.data.gov.uk/id/region/london,E12000007,2010-01,6212,monthly,69.44,279724,3.56,10.52,70.67,525410,4.53,8.34,71.02,335145,3.46,11.41,69.34,283569,3.75,13.39,68.86,249180,3.37,8.64,2010-01-01
London,http://landregistry.data.gov.uk/id/region/london,E12000007,2010-02,6312,monthly,69.2,278753,-0.35,11.57,70.54,524431,-0.19,12.74,71.11,335551,0.12,13.22,69.17,282885,-0.24,14.35,68.46,247719,-0.59,9.15,2010-02-01
London,http://landregistry.data.gov.uk/id/region/london,E12000007,2010-03,7308,monthly,69.62,280472,0.62,13.43,71.66,532768,1.59,15.63,71.19,335940,0.12,15.11,68.92,281836,-0.37,15.5,69.34,250903,1.29,11.28,2010-03-01
London,http://landregistry.data.gov.uk/id/region/london,E12000007,2010-04,7032,monthly,70.0,281981,0.54,14.93,71.36,530526,-0.42,16.17,71.58,337788,0.55,15.73,69.56,284471,0.93,16.65,69.62,251899,0.4,13.42,2010-04-01
London,http://landregistry.data.gov.uk/id/region/london,E12000007,2010-05,7106,monthly,69.94,281762,-0.08,12.71,71.59,532230,0.32,15.12,71.6,337877,0.03,14.15,69.82,285520,0.37,15.08,69.32,250835,-0.42,10.47,2010-05-01
London,http://landregistry.data.gov.uk/id/region/london,E12000007,2010-06,8756,monthly,70.63,284541,0.99,12.2,72.13,536235,0.75,14.45,72.05,340019,0.63,13.48,70.51,288347,0.99,13.44,70.1,253666,1.13,10.74,2010-06-01
London,http://landregistry.data.gov.uk/id/region/london,E12000007,2010-07,9461,monthly,72.68,292772,2.89,12.69,75.35,560177,4.46,15.63,74.48,351466,3.37,13.3,72.94,298269,3.44,14.17,71.68,259349,2.24,11.27,2010-07-01
London,http://landregistry.data.gov.uk/id/region/london,E12000007,2010-08,8570,monthly,72.15,290646,-0.73,10.9,74.34,552684,-1.34,12.37,74.66,352306,0.24,12.12,72.14,295010,-1.09,11.77,71.12,257356,-0.77,9.79,2010-08-01
London,http://landregistry.data.gov.uk/id/region/london,E12000007,2010-09,8194,monthly,72.01,290093,-0.19,8.45,75.23,559284,1.19,12.48,74.2,350133,-0.62,10.52,72.12,294941,-0.02,10.17,70.92,256612,-0.29,6.25,2010-09-01
London,http://landregistry.data.gov.uk/id/region/london,E12000007,2010-10,7871,monthly,71.03,286131,-1.37,6.46,73.76,548402,-1.95,8.63,73.23,345578,-1.3,7.45,70.88,289873,-1.72,7.16,70.13,253754,-1.11,5.44,2010-10-01
London,http://landregistry.data.gov.uk/id/region/london,E12000007,2010-11,7663,monthly,70.07,282290,-1.34,5.79,73.4,545732,-0.49,8.91,72.77,343402,-0.63,7.96,69.61,284672,-1.79,5.38,69.15,250196,-1.4,4.97,2010-11-01
London,http://landregistry.data.gov.uk/id/region/london,E12000007,2010-12,7448,monthly,70.83,285353,1.09,5.64,73.34,545247,-0.09,8.48,73.03,344640,0.36,6.39,70.4,287916,1.14,5.34,70.13,253763,1.43,5.27,2010-12-01
London,http://landregistry.data.gov.uk/id/region/london,E12000007,2011-01,5870,monthly,71.49,287983,0.92,2.95,75.5,561353,2.95,6.84,73.55,347089,0.71,3.56,71.3,291581,1.27,2.83,70.53,255214,0.57,2.42,2011-01-01
London,http://landregistry.data.gov.uk/id/region/london,E12000007,2011-02,5796,monthly,70.8,285227,-0.96,2.32,74.82,556285,-0.9,6.07,72.87,343860,-0.93,2.48,70.07,286549,-1.73,1.3,70.18,253953,-0.49,2.52,2011-02-01
London,http://landregistry.data.gov.uk/id/region/london,E12000007,2011-03,6675,monthly,71.27,287092,0.65,2.36,75.31,559907,0.65,5.09,72.52,342214,-0.48,1.87,70.29,287434,0.31,1.99,71.07,257165,1.26,2.5,2011-03-01
London,http://landregistry.data.gov.uk/id/region/london,E12000007,2011-04,6903,monthly,72.98,293993,2.4,4.26,74.89,556813,-0.55,4.95,73.46,346657,1.3,2.63,72.17,295121,2.67,3.74,73.17,264752,2.95,5.1,2011-04-01
London,http://landregistry.data.gov.uk/id/region/london,E12000007,2011-05,6460,monthly,70.68,284722,-3.15,1.05,72.6,539789,-3.06,1.42,72.55,342357,-1.24,1.33,70.16,286936,-2.77,0.5,70.2,254026,-4.05,1.27,2011-05-01
London,http://landregistry.data.gov.uk/id/region/london,E12000007,2011-06,7846,monthly,70.97,285906,0.42,0.48,71.9,534579,-0.97,-0.31,72.22,340812,-0.45,0.23,70.41,287950,0.35,-0.14,70.84,256336,0.91,1.05,2011-06-01
London,http://landregistry.data.gov.uk/id/region/london,E12000007,2011-07,8742,monthly,73.44,295843,3.48,1.05,74.67,555115,3.84,-0.9,74.27,350495,2.84,-0.28,72.9,298117,3.53,-0.05,73.41,265623,3.62,2.42,2011-07-01
London,http://landregistry.data.gov.uk/id/region/london,E12000007,2011-08,8998,monthly,73.2,294903,-0.32,1.46,75.16,558789,0.66,1.1,75.02,354046,1.01,0.49,73.36,299996,0.63,1.69,72.34,261746,-1.46,1.71,2011-08-01
London,http://landregistry.data.gov.uk/id/region/london,E12000007,2011-09,8707,monthly,73.32,295358,0.15,1.81,76.21,566622,1.4,1.31,74.89,353417,-0.18,0.94,73.24,299513,-0.16,1.55,72.58,262610,0.33,2.34,2011-09-01
London,http://landregistry.data.gov.uk/id/region/london,E12000007,2011-10,7871,monthly,72.55,292267,-1.05,2.14,76.06,565503,-0.2,3.12,75.02,354002,0.17,2.44,72.11,294911,-1.54,1.74,71.67,259320,-1.25,2.19,2011-10-01
London,http://landregistry.data.gov.uk/id/region/london,E12000007,2011-11,7956,monthly,72.24,291036,-0.42,3.1,75.2,559120,-1.13,2.45,73.95,348955,-1.43,1.62,71.37,291888,-1.02,2.53,71.94,260317,0.38,4.04,2011-11-01
London,http://landregistry.data.gov.uk/id/region/london,E12000007,2011-12,8217,monthly,72.55,292284,0.43,2.43,74.46,553602,-0.99,1.53,74.37,350948,0.57,1.83,72.0,294428,0.87,2.26,72.13,261000,0.26,2.85,2011-12-01
London,http://landregistry.data.gov.uk/id/region/london,E12000007,2012-01,6531,monthly,73.07,294360,0.71,2.21,74.62,554780,0.21,-1.17,74.8,352985,0.58,1.7,72.85,297924,1.19,2.18,72.5,262346,0.52,2.79,2012-01-01
London,http://landregistry.data.gov.uk/id/region/london,E12000007,2012-02,6659,monthly,72.58,292381,-0.67,2.51,76.59,569459,2.65,2.37,75.23,354995,0.57,3.24,72.75,297507,-0.14,3.82,71.28,257937,-1.68,1.57,2012-02-01
London,http://landregistry.data.gov.uk/id/region/london,E12000007,2012-03,9099,monthly,72.08,290379,-0.69,1.14,73.19,544127,-4.45,-2.82,73.23,345599,-2.65,0.99,72.03,294550,-0.99,2.48,71.64,259216,0.5,0.8,2012-03-01
London,http://landregistry.data.gov.uk/id/region/london,E12000007,2012-04,5961,monthly,74.24,299065,2.99,1.73,75.57,561806,3.25,0.9,75.17,354724,2.64,2.33,73.8,301792,2.46,2.26,74.06,267993,3.39,1.22,2012-04-01
London,http://landregistry.data.gov.uk/id/region/london,E12000007,2012-05,7374,monthly,75.48,304081,1.68,6.8,76.72,570424,1.53,5.68,76.66,361779,1.99,5.67,75.41,308408,2.19,7.48,75.02,271470,1.3,6.87,2012-05-01
London,http://landregistry.data.gov.uk/id/region/london,E12000007,2012-06,8132,monthly,76.16,306823,0.9,7.32,76.37,567821,-0.46,6.22,76.65,361738,-0.01,6.14,76.49,312798,1.42,8.63,75.79,274239,1.02,6.98,2012-06-01
London,http://landregistry.data.gov.uk/id/region/london,E12000007,2012-07,8751,monthly,76.69,308962,0.7,4.43,78.03,580113,2.16,4.5,77.71,366704,1.37,4.62,77.06,315144,0.75,5.71,76.03,275099,0.31,3.57,2012-07-01
London,http://landregistry.data.gov.uk/id/region/london,E12000007,2012-08,9073,monthly,76.96,310043,0.35,5.13,78.3,582142,0.35,4.18,78.17,368878,0.59,4.19,77.49,316895,0.56,5.63,76.15,275527,0.16,5.26,2012-08-01
London,http://landregistry.data.gov.uk/id/region/london,E12000007,2012-09,7906,monthly,76.57,308469,-0.51,4.44,77.98,579776,-0.41,2.32,77.49,365664,-0.87,3.47,76.84,314230,-0.84,4.91,75.99,274948,-0.21,4.7,2012-09-01
London,http://landregistry.data.gov.uk/id/region/london,E12000007,2012-10,8146,monthly,77.02,310281,0.59,6.16,78.13,580841,0.18,2.71,77.94,367792,0.58,3.9,77.02,314956,0.23,6.8,76.62,277248,0.84,6.91,2012-10-01
London,http://landregistry.data.gov.uk/id/region/london,E12000007,2012-11,8626,monthly,76.59,308540,-0.56,6.01,77.98,579766,-0.19,3.69,77.66,366472,-0.36,5.02,76.77,313951,-0.32,7.56,76.01,275027,-0.8,5.65,2012-11-01
London,http://landregistry.data.gov.uk/id/region/london,E12000007,2012-12,7601,monthly,77.88,313744,1.69,7.34,78.61,584430,0.8,5.57,78.14,368743,0.62,5.07,78.17,319691,1.83,8.58,77.55,280600,2.03,7.51,2012-12-01
London,http://landregistry.data.gov.uk/id/region/london,E12000007,2013-01,6834,monthly,77.29,311364,-0.76,5.78,78.74,585417,0.17,5.52,78.72,371472,0.74,5.24,77.42,316619,-0.96,6.27,76.62,277251,-1.19,5.68,2013-01-01
London,http://landregistry.data.gov.uk/id/region/london,E12000007,2013-02,6693,monthly,77.83,313550,0.7,7.24,78.67,584924,-0.08,2.72,78.28,369428,-0.55,4.07,77.83,318273,0.52,6.98,77.57,280689,1.24,8.82,2013-02-01
London,http://landregistry.data.gov.uk/id/region/london,E12000007,2013-03,7663,monthly,77.52,312289,-0.4,7.55,78.99,587252,0.4,7.93,78.38,369862,0.12,7.02,77.56,317191,-0.34,7.69,77.06,278831,-0.66,7.57,2013-03-01
London,http://landregistry.data.gov.uk/id/region/london,E12000007,2013-04,7388,monthly,79.66,320921,2.76,7.31,79.73,592752,0.94,5.51,79.34,374400,1.23,5.55,79.53,325254,2.54,7.77,79.77,288624,3.51,7.7,2013-04-01
London,http://landregistry.data.gov.uk/id/region/london,E12000007,2013-05,9010,monthly,80.01,322324,0.44,6.0,80.81,600796,1.36,5.32,80.52,379979,1.49,5.03,79.98,327099,0.57,6.06,79.75,288559,-0.02,6.29,2013-05-01
London,http://landregistry.data.gov.uk/id/region/london,E12000007,2013-06,8930,monthly,80.56,324518,0.68,5.77,80.75,600375,-0.07,5.73,80.62,380448,0.12,5.17,80.79,330385,1.0,5.62,80.34,290694,0.74,6.0,2013-06-01
London,http://landregistry.data.gov.uk/id/region/london,E12000007,2013-07,10889,monthly,82.66,332988,2.61,7.78,82.32,612056,1.95,5.51,82.28,388303,2.06,5.89,82.98,339351,2.71,7.68,82.57,298764,2.78,8.6,2013-07-01
London,http://landregistry.data.gov.uk/id/region/london,E12000007,2013-08,11153,monthly,83.34,335743,0.83,8.29,83.53,621017,1.46,6.68,83.67,394860,1.69,7.04,83.89,343054,1.09,8.25,82.88,299890,0.38,8.84,2013-08-01
London,http://landregistry.data.gov.uk/id/region/london,E12000007,2013-09,10276,monthly,84.52,340494,1.42,10.38,84.46,627915,1.11,8.3,83.54,394236,-0.16,7.81,84.63,346089,0.88,10.14,84.7,306464,2.19,11.46,2013-09-01
London,http://landregistry.data.gov.uk/id/region/london,E12000007,2013-10,10935,monthly,84.41,340045,-0.13,9.59,84.65,629328,0.22,8.35,84.42,398386,1.05,8.32,84.1,343921,-0.63,9.2,84.49,305736,-0.24,10.28,2013-10-01
London,http://landregistry.data.gov.uk/id/region/london,E12000007,2013-11,11427,monthly,85.33,343749,1.09,11.41,84.91,631279,0.31,8.89,85.07,401464,0.77,9.55,85.17,348311,1.28,10.94,85.47,309270,1.16,12.45,2013-11-01
London,http://landregistry.data.gov.uk/id/region/london,E12000007,2013-12,10775,monthly,87.38,352028,2.41,12.2,85.08,632546,0.2,8.23,85.96,405661,1.05,10.01,87.02,355889,2.18,11.32,88.16,319009,3.15,13.69,2013-12-01
London,http://landregistry.data.gov.uk/id/region/london,E12000007,2014-01,9966,monthly,88.33,355830,1.08,14.28,87.69,651986,3.07,11.37,87.68,413770,2.0,11.39,88.08,360184,1.21,13.76,88.65,320787,0.56,15.7,2014-01-01
London,http://landregistry.data.gov.uk/id/region/london,E12000007,2014-02,9363,monthly,88.84,357876,0.58,14.14,88.47,657774,0.89,12.45,88.08,415632,0.45,12.51,88.32,361192,0.28,13.49,89.29,323086,0.72,15.1,2014-02-01
London,http://landregistry.data.gov.uk/id/region/london,E12000007,2014-03,9537,monthly,89.71,361400,0.98,15.73,88.29,656427,-0.2,11.78,88.5,417649,0.49,12.92,89.31,365214,1.11,15.14,90.31,326778,1.14,17.2,2014-03-01
London,http://landregistry.data.gov.uk/id/region/london,E12000007,2014-04,9809,monthly,93.17,375337,3.86,16.96,92.56,688122,4.83,16.09,92.32,435644,4.31,16.36,93.35,381773,4.53,17.38,93.34,337738,3.35,17.02,2014-04-01
London,http://landregistry.data.gov.uk/id/region/london,E12000007,2014-05,10155,monthly,95.0,382705,1.96,18.73,93.14,692487,0.63,15.26,93.49,441186,1.27,16.11,94.94,388249,1.7,18.69,95.55,345723,2.36,19.81,2014-05-01
London,http://landregistry.data.gov.uk/id/region/london,E12000007,2014-06,10486,monthly,96.11,387182,1.17,19.31,94.03,699099,0.95,16.44,94.58,446329,1.17,17.32,96.33,393924,1.46,19.23,96.55,349362,1.05,20.18,2014-06-01
London,http://landregistry.data.gov.uk/id/region/london,E12000007,2014-07,11340,monthly,98.98,398737,2.98,19.75,97.99,728491,4.2,19.02,98.56,465103,4.21,19.78,99.76,407975,3.57,20.22,98.8,357492,2.33,19.66,2014-07-01
London,http://landregistry.data.gov.uk/id/region/london,E12000007,2014-08,11243,monthly,100.47,404754,1.51,20.56,99.44,739313,1.49,19.05,99.93,471552,1.39,19.42,101.4,414689,1.65,20.88,100.26,362768,1.48,20.97,2014-08-01
London,http://landregistry.data.gov.uk/id/region/london,E12000007,2014-09,10437,monthly,100.2,403670,-0.27,18.55,99.38,738828,-0.07,17.66,99.3,468585,-0.63,18.86,100.71,411840,-0.69,19.0,100.25,362757,0.0,18.37,2014-09-01
London,http://landregistry.data.gov.uk/id/region/london,E12000007,2014-10,10773,monthly,99.86,402300,-0.34,18.31,99.67,741040,0.3,17.75,99.78,470849,0.48,18.19,100.3,410173,-0.4,19.26,99.7,360746,-0.55,17.99,2014-10-01
London,http://landregistry.data.gov.uk/id/region/london,E12000007,2014-11,9095,monthly,99.49,400803,-0.37,16.6,99.95,743115,0.28,17.72,100.03,472027,0.25,17.58,100.06,409211,-0.23,17.48,99.06,358450,-0.64,15.9,2014-11-01
London,http://landregistry.data.gov.uk/id/region/london,E12000007,2014-12,9745,monthly,100.01,402898,0.52,14.45,99.48,739606,-0.47,16.93,99.46,469349,-0.57,15.7,100.13,409482,0.07,15.06,100.13,362322,1.08,13.58,2014-12-01
London,http://landregistry.data.gov.uk/id/region/london,E12000007,2015-01,8142,monthly,100.0,402847,-0.01,13.21,100.0,743471,0.52,14.03,100.0,471904,0.54,14.05,100.0,408951,-0.13,13.54,100.0,361840,-0.13,12.8,2015-01-01
London,http://landregistry.data.gov.uk/id/region/london,E12000007,2015-02,7937,monthly,100.48,404773,0.48,13.1,100.67,748417,0.67,13.78,100.38,473702,0.38,13.97,100.49,410966,0.49,13.78,100.48,363574,0.48,12.53,2015-02-01
London,http://landregistry.data.gov.uk/id/region/london,E12000007,2015-03,8847,monthly,100.46,404706,-0.02,11.98,100.43,746670,-0.23,13.75,100.46,474072,0.08,13.51,100.41,410639,-0.08,12.44,100.49,363615,0.01,11.27,2015-03-01
London,http://landregistry.data.gov.uk/id/region/london,E12000007,2015-04,8323,monthly,101.89,410445,1.42,9.35,102.17,759614,1.73,10.39,101.81,480438,1.34,10.28,102.49,419154,2.07,9.79,101.56,367469,1.06,8.8,2015-04-01
London,http://landregistry.data.gov.uk/id/region/london,E12000007,2015-05,9059,monthly,103.22,415817,1.31,8.65,101.98,758190,-0.19,9.49,102.87,485444,1.04,10.03,103.24,422193,0.73,8.74,103.42,374213,1.84,8.24,2015-05-01
London,http://landregistry.data.gov.uk/id/region/london,E12000007,2015-06,10721,monthly,104.13,419474,0.88,8.34,103.85,772089,1.83,10.44,104.49,493081,1.57,10.47,105.56,431687,2.25,9.59,103.3,373769,-0.12,6.99,2015-06-01
London,http://landregistry.data.gov.uk/id/region/london,E12000007,2015-07,11980,monthly,107.15,431644,2.9,8.25,105.96,787783,2.03,8.14,107.26,506181,2.66,8.83,108.49,443661,2.77,8.75,106.52,385416,3.12,7.81,2015-07-01
London,http://landregistry.data.gov.uk/id/region/london,E12000007,2015-08,10499,monthly,108.27,436152,1.04,7.76,108.39,805864,2.3,9.0,109.13,514997,1.74,9.21,109.78,448942,1.19,8.26,107.22,387978,0.66,6.95,2015-08-01
London,http://landregistry.data.gov.uk/id/region/london,E12000007,2015-09,10686,monthly,109.16,439729,0.82,8.93,110.37,820565,1.82,11.06,109.56,517030,0.39,10.34,110.22,450734,0.4,9.44,108.37,392127,1.07,8.1,2015-09-01
London,http://landregistry.data.gov.uk/id/region/london,E12000007,2015-10,10926,monthly,109.34,440484,0.17,9.49,110.94,824799,0.52,11.3,111.3,525228,1.59,11.55,111.36,455397,1.03,11.03,107.62,389400,-0.7,7.94,2015-10-01
London,http://landregistry.data.gov.uk/id/region/london,E12000007,2015-11,9752,monthly,110.58,445485,1.14,11.15,111.46,828661,0.47,11.51,111.95,528318,0.59,11.93,112.1,458454,0.67,12.03,109.33,395612,1.6,10.37,2015-11-01
London,http://landregistry.data.gov.uk/id/region/london,E12000007,2015-12,9700,monthly,111.72,450053,1.03,11.7,113.64,844884,1.96,14.23,113.68,536465,1.54,14.3,113.2,462912,0.97,13.05,110.24,398893,0.83,10.09,2015-12-01
London,http://landregistry.data.gov.uk/id/region/london,E12000007,2016-01,7927,monthly,113.56,457466,1.65,13.56,113.92,846956,0.25,13.92,115.86,546758,1.92,15.86,115.01,470317,1.6,15.01,112.15,405793,1.73,12.15,2016-01-01
London,http://landregistry.data.gov.uk/id/region/london,E12000007,2016-02,8208,monthly,113.63,457759,0.06,13.09,116.2,863896,2.0,15.43,116.63,550400,0.67,16.19,115.58,472651,0.5,15.01,111.58,403745,-0.5,11.05,2016-02-01
London,http://landregistry.data.gov.uk/id/region/london,E12000007,2016-03,17501,monthly,115.34,464647,1.5,14.81,117.47,873391,1.1,16.97,116.54,549954,-0.08,16.01,116.72,477329,0.99,16.24,114.1,412842,2.25,13.54,2016-03-01
London,http://landregistry.data.gov.uk/id/region/london,E12000007,2016-04,5746,monthly,114.45,461068,-0.77,12.33,115.65,859832,-1.55,13.19,116.89,551600,0.3,14.81,116.72,477313,0.0,13.88,112.51,407094,-1.39,10.78,2016-04-01
London,http://landregistry.data.gov.uk/id/region/london,E12000007,2016-05,6617,monthly,116.05,467485,1.39,12.43,116.32,864839,0.58,14.07,118.23,557920,1.15,14.93,117.8,481745,0.93,14.11,114.51,414351,1.78,10.73,2016-05-01
London,http://landregistry.data.gov.uk/id/region/london,E12000007,2016-06,8464,monthly,116.2,468120,0.14,11.6,119.05,885121,2.35,14.64,118.73,560281,0.42,13.63,118.22,483455,0.35,11.99,114.21,413275,-0.26,10.57,2016-06-01
London,http://landregistry.data.gov.uk/id/region/london,E12000007,2016-07,8794,monthly,118.04,475530,1.58,10.17,120.13,893103,0.9,13.37,121.36,572688,2.21,13.14,120.64,493363,2.05,11.2,115.62,418347,1.23,8.54,2016-07-01
London,http://landregistry.data.gov.uk/id/region/london,E12000007,2016-08,8535,monthly,117.16,471957,-0.75,8.21,119.58,889075,-0.45,10.33,120.48,568552,-0.72,10.4,119.42,488355,-1.02,8.78,114.87,415648,-0.65,7.13,2016-08-01
London,http://landregistry.data.gov.uk/id/region/london,E12000007,2016-09,8275,monthly,117.11,471767,-0.04,7.29,118.86,883706,-0.6,7.69,119.81,565376,-0.56,9.35,119.0,486660,-0.35,7.97,115.24,416967,0.32,6.33,2016-09-01
London,http://landregistry.data.gov.uk/id/region/london,E12000007,2016-10,8100,monthly,116.92,471008,-0.16,6.93,118.81,883336,-0.04,7.1,119.93,565977,0.11,7.76,117.97,482452,-0.86,5.94,115.39,417532,0.14,7.22,2016-10-01
London,http://landregistry.data.gov.uk/id/region/london,E12000007,2016-11,8178,monthly,116.88,470854,-0.03,5.69,119.25,886553,0.36,6.99,119.11,562093,-0.69,6.39,117.58,480836,-0.34,4.88,115.7,418660,0.27,5.83,2016-11-01
London,http://landregistry.data.gov.uk/id/region/london,E12000007,2016-12,8460,monthly,117.26,472374,0.32,4.96,119.31,887005,0.05,4.99,119.15,562272,0.03,4.81,118.22,483479,0.55,4.44,116.06,419937,0.31,5.28,2016-12-01
London,http://landregistry.data.gov.uk/id/region/london,E12000007,2017-01,6931,monthly,118.06,475619,0.69,3.97,120.15,893279,0.71,5.47,120.56,568911,1.18,4.05,119.26,487710,0.88,3.7,116.58,421834,0.45,3.95,2017-01-01
London,http://landregistry.data.gov.uk/id/region/london,E12000007,2017-02,7108,monthly,118.34,476717,0.23,4.14,119.43,887959,-0.6,2.79,119.36,563242,-1.0,2.33,118.02,482631,-1.04,2.11,118.08,427256,1.29,5.82,2017-02-01
London,http://landregistry.data.gov.uk/id/region/london,E12000007,2017-03,8659,monthly,118.02,475442,-0.27,2.32,120.23,893859,0.66,2.34,120.12,566834,0.64,3.07,118.71,485460,0.59,1.7,116.88,422917,-1.02,2.44,2017-03-01
London,http://landregistry.data.gov.uk/id/region/london,E12000007,2017-04,7120,monthly,119.1,479790,0.91,4.06,120.94,899133,0.59,4.57,120.3,567701,0.15,2.92,119.36,488136,0.55,2.27,118.43,428541,1.33,5.27,2017-04-01
London,http://landregistry.data.gov.uk/id/region/london,E12000007,2017-05,7874,monthly,119.38,480902,0.23,2.87,119.77,890430,-0.97,2.96,121.12,571569,0.68,2.45,119.3,487874,-0.05,1.27,118.87,430111,0.37,3.8,2017-05-01
London,http://landregistry.data.gov.uk/id/region/london,E12000007,2017-06,9192,monthly,119.19,480152,-0.16,2.57,119.78,890539,0.01,0.61,120.6,569116,-0.43,1.58,120.03,490877,0.62,1.54,118.28,428001,-0.49,3.56,2017-06-01
London,http://landregistry.data.gov.uk/id/region/london,E12000007,2017-07,8494,monthly,121.27,488527,1.74,2.73,121.46,903023,1.4,1.11,123.4,582307,2.32,1.68,122.19,499705,1.8,1.29,120.17,434837,1.6,3.94,2017-07-01
London,http://landregistry.data.gov.uk/id/region/london,E12000007,2017-08,8921,monthly,120.91,487085,-0.3,3.21,121.68,904655,0.18,1.75,122.88,579880,-0.42,1.99,122.55,501173,0.29,2.62,119.45,432209,-0.6,3.98,2017-08-01
London,http://landregistry.data.gov.uk/id/region/london,E12000007,2017-09,8239,monthly,120.1,483833,-0.67,2.56,122.83,913220,0.95,3.34,122.59,578519,-0.23,2.32,121.36,496318,-0.97,1.98,118.53,428892,-0.77,2.86,2017-09-01
London,http://landregistry.data.gov.uk/id/region/london,E12000007,2017-10,7990,monthly,119.59,481762,-0.43,2.28,122.24,908782,-0.49,2.88,122.99,580410,0.33,2.55,120.8,494013,-0.46,2.4,117.82,426315,-0.6,2.1,2017-10-01
London,http://landregistry.data.gov.uk/id/region/london,E12000007,2017-11,7629,monthly,118.23,476290,-1.14,1.15,120.1,892900,-1.75,0.72,121.51,573421,-1.2,2.02,119.41,488341,-1.15,1.56,116.57,421807,-1.06,0.75,2017-11-01
London,http://landregistry.data.gov.uk/id/region/london,E12000007,2017-12,7883,monthly,118.37,476848,0.12,0.95,120.93,899100,0.69,1.36,121.46,573194,-0.04,1.94,119.74,489692,0.28,1.29,116.6,421917,0.03,0.47,2017-12-01
London,http://landregistry.data.gov.uk/id/region/london,E12000007,2018-01,6584,monthly,119.1,479772,0.61,0.87,120.46,895602,-0.39,0.26,122.24,576870,0.64,1.4,119.97,490615,0.19,0.6,117.67,425766,0.91,0.93,2018-01-01
London,http://landregistry.data.gov.uk/id/region/london,E12000007,2018-02,6386,monthly,118.62,477860,-0.4,0.24,120.79,898057,0.27,1.14,121.74,574508,-0.41,2.0,119.7,489511,-0.22,1.43,117.05,423537,-0.52,-0.87,2018-02-01
London,http://landregistry.data.gov.uk/id/region/london,E12000007,2018-03,7350,monthly,117.25,472357,-1.15,-0.65,119.71,890041,-0.89,-0.43,121.25,572169,-0.41,0.94,119.14,487242,-0.46,0.37,115.12,416546,-1.65,-1.51,2018-03-01
London,http://landregistry.data.gov.uk/id/region/london,E12000007,2018-04,6511,monthly,118.47,477253,1.04,-0.53,120.91,898928,1.0,-0.02,122.73,579191,1.23,2.02,120.62,493274,1.24,1.05,116.16,420315,0.9,-1.92,2018-04-01
London,http://landregistry.data.gov.uk/id/region/london,E12000007,2018-05,6980,monthly,118.78,478485,0.26,-0.5,121.47,903088,0.46,1.42,123.3,581868,0.46,1.8,121.62,497350,0.83,1.94,116.09,420076,-0.06,-2.33,2018-05-01
London,http://landregistry.data.gov.uk/id/region/london,E12000007,2018-06,8135,monthly,119.13,479931,0.3,-0.05,122.28,909153,0.67,2.09,124.52,587607,0.99,3.25,121.57,497145,-0.04,1.28,116.4,421188,0.26,-1.59,2018-06-01
London,http://landregistry.data.gov.uk/id/region/london,E12000007,2018-07,8303,monthly,120.32,484724,1.0,-0.78,124.96,929011,2.18,2.88,125.38,591665,0.69,1.61,123.44,504801,1.54,1.02,117.27,424322,0.74,-2.42,2018-07-01
London,http://landregistry.data.gov.uk/id/region/london,E12000007,2018-08,8975,monthly,119.04,479550,-1.07,-1.55,122.74,912509,-1.78,0.87,123.68,583664,-1.35,0.65,121.87,498383,-1.27,-0.56,116.27,420693,-0.86,-2.66,2018-08-01
London,http://landregistry.data.gov.uk/id/region/london,E12000007,2018-09,7636,monthly,118.29,476545,-0.63,-1.51,122.76,912657,0.02,-0.06,123.69,583686,0.0,0.89,121.42,496528,-0.37,0.04,115.18,416752,-0.94,-2.83,2018-09-01
London,http://landregistry.data.gov.uk/id/region/london,E12000007,2018-10,7956,monthly,119.17,480057,0.74,-0.35,123.61,919012,0.7,1.13,124.27,586432,0.47,1.04,121.97,498816,0.46,0.97,116.24,420614,0.93,-1.34,2018-10-01
London,http://landregistry.data.gov.uk/id/region/london,E12000007,2018-11,8130,monthly,117.75,474347,-1.19,-0.41,122.89,913641,-0.58,2.32,123.08,580831,-0.96,1.29,120.96,494653,-0.83,1.29,114.56,414526,-1.45,-1.73,2018-11-01
London,http://landregistry.data.gov.uk/id/region/london,E12000007,2018-12,6957,monthly,117.48,473252,-0.23,-0.75,120.98,899415,-1.56,0.03,122.88,579876,-0.16,1.17,119.94,490483,-0.84,0.16,114.71,415052,0.13,-1.63,2018-12-01
London,http://landregistry.data.gov.uk/id/region/london,E12000007,2019-01,6031,monthly,116.69,470067,-0.67,-2.02,122.38,909861,1.16,1.59,122.49,578054,-0.31,0.21,119.39,488264,-0.45,-0.48,113.57,410934,-0.99,-3.48,2019-01-01
London,http://landregistry.data.gov.uk/id/region/london,E12000007,2019-02,5967,monthly,115.69,466068,-0.85,-2.47,120.67,897130,-1.4,-0.1,121.0,571003,-1.22,-0.61,118.55,484811,-0.71,-0.96,112.69,407751,-0.77,-3.73,2019-02-01
London,http://landregistry.data.gov.uk/id/region/london,E12000007,2019-03,6875,monthly,115.22,464162,-0.41,-1.73,118.31,879600,-1.95,-1.17,120.04,566491,-0.79,-0.99,118.16,483203,-0.33,-0.83,112.45,406906,-0.21,-2.31,2019-03-01
London,http://landregistry.data.gov.uk/id/region/london,E12000007,2019-04,6063,monthly,116.55,469537,1.16,-1.62,119.3,886952,0.84,-1.33,120.93,570672,0.74,-1.47,119.79,489897,1.39,-0.68,113.79,411728,1.19,-2.04,2019-04-01
London,http://landregistry.data.gov.uk/id/region/london,E12000007,2019-05,6815,monthly,115.09,463628,-1.26,-3.11,118.06,877723,-1.04,-2.81,120.2,567219,-0.61,-2.52,119.0,486645,-0.66,-2.15,111.79,404483,-1.76,-3.71,2019-05-01
London,http://landregistry.data.gov.uk/id/region/london,E12000007,2019-06,6991,monthly,116.8,470519,1.49,-1.96,120.05,892527,1.69,-1.83,122.75,579285,2.13,-1.42,120.18,491488,1.0,-1.14,113.51,410734,1.55,-2.48,2019-06-01
London,http://landregistry.data.gov.uk/id/region/london,E12000007,2019-07,8275,monthly,118.78,478505,1.7,-1.28,121.08,900158,0.85,-3.11,123.19,581341,0.35,-1.74,122.03,499058,1.54,-1.14,116.04,419875,2.23,-1.05,2019-07-01
London,http://landregistry.data.gov.uk/id/region/london,E12000007,2019-08,8797,monthly,117.35,472729,-1.21,-1.42,121.43,902797,0.29,-1.06,123.05,580661,-0.12,-0.51,122.39,500513,0.29,0.43,113.26,409829,-2.39,-2.58,2019-08-01
London,http://landregistry.data.gov.uk/id/region/london,E12000007,2019-09,7586,monthly,118.44,477146,0.93,0.13,121.31,901921,-0.1,-1.18,122.61,578597,-0.36,-0.87,121.91,498570,-0.39,0.41,115.61,418324,2.07,0.38,2019-09-01
London,http://landregistry.data.gov.uk/id/region/london,E12000007,2019-10,7901,monthly,117.33,472668,-0.94,-1.54,121.22,901258,-0.07,-1.93,123.85,584448,1.01,-0.34,121.11,495293,-0.66,-0.71,113.66,411266,-1.69,-2.22,2019-10-01
London,http://landregistry.data.gov.uk/id/region/london,E12000007,2019-11,7833,monthly,116.36,468757,-0.83,-1.18,121.66,904492,0.36,-1.0,122.93,580116,-0.74,-0.12,121.09,495186,-0.02,0.11,112.11,405653,-1.36,-2.14,2019-11-01
London,http://landregistry.data.gov.uk/id/region/london,E12000007,2019-12,7107,monthly,118.94,479153,2.22,1.25,122.24,908784,0.47,1.04,123.92,584771,0.8,0.84,122.9,502617,1.5,2.47,115.63,418382,3.14,0.8,2019-12-01
London,http://landregistry.data.gov.uk/id/region/london,E12000007,2020-01,6527,monthly,118.15,475948,-0.67,1.25,120.0,892166,-1.83,-1.94,122.94,580151,-0.79,0.36,121.85,498319,-0.86,2.06,115.12,416550,-0.44,1.37,2020-01-01
London,http://landregistry.data.gov.uk/id/region/london,E12000007,2020-02,6465,monthly,117.78,474480,-0.31,1.8,122.84,913264,2.36,1.8,123.87,584538,0.76,2.37,122.6,501384,0.61,3.42,113.59,411015,-1.33,0.8,2020-02-01
London,http://landregistry.data.gov.uk/id/region/london,E12000007,2020-03,6842,monthly,119.8,482605,1.71,3.97,123.45,917831,0.5,4.35,125.37,591621,1.21,4.44,123.61,505497,0.82,4.61,116.36,421036,2.44,3.47,2020-03-01
London,http://landregistry.data.gov.uk/id/region/london,E12000007,2020-04,3206,monthly,118.2,476159,-1.34,1.41,123.99,921807,0.43,3.93,124.05,585408,-1.05,2.58,122.92,502673,-0.56,2.61,114.06,412702,-1.98,0.24,2020-04-01
London,http://landregistry.data.gov.uk/id/region/london,E12000007,2020-05,2929,monthly,117.47,473225,-0.62,2.07,122.13,907980,-1.5,3.45,123.34,582060,-0.57,2.62,121.68,497618,-1.01,2.25,113.66,411283,-0.34,1.68,2020-05-01
London,http://landregistry.data.gov.uk/id/region/london,E12000007,2020-06,4511,monthly,119.14,479969,1.43,2.01,121.99,906997,-0.11,1.62,125.66,593008,1.88,2.37,124.82,510449,2.58,3.86,114.62,414734,0.84,0.97,2020-06-01
London,http://landregistry.data.gov.uk/id/region/london,E12000007,2020-07,5988,monthly,120.1,483830,0.8,1.11,123.78,920274,1.46,2.23,126.12,595144,0.36,2.37,124.97,511049,0.12,2.4,116.03,419846,1.23,-0.01,2020-07-01
London,http://landregistry.data.gov.uk/id/region/london,E12000007,2020-08,6148,monthly,121.49,489424,1.16,3.53,126.15,937891,1.91,3.89,128.53,606544,1.92,4.46,127.48,521320,2.01,4.16,116.53,421646,0.43,2.88,2020-08-01
London,http://landregistry.data.gov.uk/id/region/london,E12000007,2020-09,7087,monthly,122.43,493205,0.77,3.37,126.59,941153,0.35,4.35,129.15,609487,0.49,5.34,128.58,525821,0.86,5.47,117.52,425218,0.85,1.65,2020-09-01
London,http://landregistry.data.gov.uk/id/region/london,E12000007,2020-10,8083,monthly,120.69,486212,-1.42,2.87,126.35,939399,-0.19,4.23,128.29,605395,-0.67,3.58,127.81,522700,-0.59,5.53,114.97,415993,-2.17,1.15,2020-10-01
London,http://landregistry.data.gov.uk/id/region/london,E12000007,2020-11,7825,monthly,122.76,494552,1.72,5.5,129.06,959523,2.14,6.08,130.6,616305,1.8,6.24,129.93,531341,1.65,7.3,116.9,422998,1.68,4.28,2020-11-01
London,http://landregistry.data.gov.uk/id/region/london,E12000007,2020-12,9201,monthly,122.67,494193,-0.07,3.14,128.78,957470,-0.21,5.36,131.16,618971,0.43,5.85,130.31,532917,0.3,6.03,116.44,421321,-0.4,0.7,2020-12-01
London,http://landregistry.data.gov.uk/id/region/london,E12000007,2021-01,8030,monthly,122.7,494231,0.0,3.8,126.3,939149,-1.9,5.3,129.6,611753,-1.2,5.4,128.7,526266,-1.2,5.6,117.8,426340,1.2,2.4,2021-01-01
London,http://landregistry.data.gov.uk/id/region/london,E12000007,2021-02,10070,monthly,121.8,490544,-0.7,3.4,125.2,931191,-0.8,2.0,128.7,607236,-0.7,3.9,127.3,520691,-1.1,3.9,117.2,423950,-0.6,3.1,2021-02-01
London,http://landregistry.data.gov.uk/id/region/london,E12000007,2021-03,16466,monthly,123.9,499098,1.7,3.4,125.8,935118,0.4,1.9,129.7,612032,0.8,3.4,129.1,528018,1.4,4.5,119.9,434022,2.4,3.1,2021-03-01
London,http://landregistry.data.gov.uk/id/region/london,E12000007,2021-04,9151,monthly,121.4,488928,-2.0,2.7,126.8,942851,0.8,2.3,129.0,608728,-0.5,4.0,127.0,519405,-1.6,3.3,116.3,420904,-3.0,2.0,2021-04-01
London,http://landregistry.data.gov.uk/id/region/london,E12000007,2021-05,7696,monthly,121.2,488226,-0.1,3.2,126.8,943035,0.0,3.9,129.0,608575,0.0,4.6,126.9,518916,-0.1,4.3,116.1,419955,-0.2,2.1,2021-05-01
London,http://landregistry.data.gov.uk/id/region/london,E12000007,2021-06,26412,monthly,124.8,502730,3.0,4.7,128.3,953749,1.1,5.2,131.9,622210,2.2,4.9,132.3,541094,4.3,6.0,119.2,431135,2.7,4.0,2021-06-01
London,http://landregistry.data.gov.uk/id/region/london,E12000007,2021-07,3030,monthly,122.8,494873,-1.6,2.3,129.4,962414,0.9,4.6,128.5,606413,-2.5,1.9,126.1,515725,-4.7,0.9,119.5,432437,0.3,3.0,2021-07-01
London,http://landregistry.data.gov.uk/id/region/london,E12000007,2021-08,6063,monthly,126.6,509859,3.0,4.2,134.4,999384,3.8,6.6,134.7,635880,4.9,4.8,132.4,541459,5.0,3.9,121.1,438023,1.3,3.9,2021-08-01
London,http://landregistry.data.gov.uk/id/region/london,E12000007,2021-09,12748,monthly,125.6,506165,-0.7,2.6,132.7,986530,-1.3,4.8,134.7,635680,0.0,4.3,132.8,543155,0.3,3.3,119.3,431616,-1.5,1.5,2021-09-01
London,http://landregistry.data.gov.uk/id/region/london,E12000007,2021-10,4935,monthly,125.1,504044,-0.4,3.7,136.5,1014922,2.9,8.0,135.5,639436,0.6,5.6,131.3,536918,-1.1,2.7,118.5,428773,-0.7,3.1,2021-10-01
London,http://landregistry.data.gov.uk/id/region/london,E12000007,2021-11,6837,monthly,127.0,511555,1.5,3.4,137.0,1018423,0.3,6.1,136.8,645373,0.9,4.7,132.6,542256,1.0,2.1,121.0,437646,2.1,3.5,2021-11-01
London,http://landregistry.data.gov.uk/id/region/london,E12000007,2021-12,7655,monthly,127.0,511732,0.0,3.5,136.4,1014018,-0.4,5.9,137.1,646769,0.2,4.5,134.0,548145,1.1,2.9,120.3,435184,-0.6,3.3,2021-12-01
London,http://landregistry.data.gov.uk/id/region/london,E12000007,2022-01,6300,monthly,127.8,514926,0.6,4.2,137.3,1020547,0.6,8.7,138.4,653223,1.0,6.8,135.1,552622,0.8,5.0,120.7,436910,0.4,2.5,2022-01-01
