"...1","Date","Region_Name","Area_Code","Detached_Average_Price","Detached_Index","Detached_Monthly_Change","Detached_Annual_Change","Semi_Detached_Average_Price","Semi_Detached_Index","Semi_Detached_Monthly_Change","Semi_Detached_Annual_Change","Terraced_Average_Price","Terraced_Index","Terraced_Monthly_Change","Terraced_Annual_Change","Flat_Average_Price","Flat_Index","Flat_Monthly_Change","Flat_Annual_Change","Average_Price"
63,"1995-01-01","Brent","E09000005",157040.4317,17.36474735,NA,NA,97433.38388,16.40775357,NA,NA,80786.40608,15.85666707,NA,NA,60454.45588,17.68041608,NA,NA,98928.669385
422,"1995-02-01","Brent","E09000005",156150.4923,17.2663423,-0.566694425,NA,98697.9168,16.62070055,1.29784358,NA,81852.55766,16.06593013,1.319716563,NA,60878.74295,17.80450242,0.701829278,NA,99394.9274275
762,"1995-03-01","Brent","E09000005",155533.6408,17.19813394,-0.395036543,NA,98673.66431,16.61661644,-0.024572449,NA,81902.37676,16.07570857,0.060864429,NA,60884.66776,17.80623518,0.009732135,NA,99248.5874075
1117,"1995-04-01","Brent","E09000005",156203.2227,17.27217296,0.430506139,NA,99925.51742,16.82742814,1.268680074,NA,83077.7563,16.30641078,1.435098213,NA,61749.33809,18.05911532,1.420177471,NA,100238.9586275
1485,"1995-05-01","Brent","E09000005",157759.169,17.44422174,0.996103877,NA,100915.0922,16.99407225,0.990312432,NA,83824.60146,16.45300073,0.898971269,NA,62455.7464,18.26571039,1.143993329,NA,101238.652265
1857,"1995-06-01","Brent","E09000005",158677.8282,17.54580248,0.582317416,NA,101551.7602,17.10128696,0.630894736,NA,84291.71273,16.54468481,0.557248423,NA,63277.50596,18.50604091,1.315746924,NA,101949.7017725
2196,"1995-07-01","Brent","E09000005",159043.6675,17.58625517,0.230554793,NA,101512.5256,17.09467985,-0.038635169,NA,84209.82578,16.52861213,-0.097147096,NA,62847.48926,18.3802789,-0.679572776,NA,101903.377035
2563,"1995-08-01","Brent","E09000005",159073.903,17.58959847,0.01901083,NA,100719.6218,16.96115508,-0.781089619,NA,83678.64644,16.42435283,-0.63078072,NA,62174.21899,18.18337532,-1.071276315,NA,101411.5975575
2925,"1995-09-01","Brent","E09000005",160606.0282,17.75901323,0.963153089,NA,101209.7599,17.04369419,0.486636167,NA,84153.28322,16.51751402,0.567213749,NA,62065.26574,18.15151102,-0.175238639,NA,102008.584265
3290,"1995-10-01","Brent","E09000005",159628.02,17.65086996,-0.608948643,NA,100606.976,16.94218557,-0.59557875,NA,83157.08052,16.32198045,-1.183795413,NA,61820.27306,18.07986085,-0.394733948,NA,101303.087395
3629,"1995-11-01","Brent","E09000005",158077.6172,17.47943415,-0.97125982,NA,99878.56185,16.81952083,-0.724019568,NA,82235.50845,16.14109529,-1.108230425,NA,61756.1161,18.0610976,-0.103779805,NA,100486.9509
3989,"1995-12-01","Brent","E09000005",156904.2494,17.34968899,-0.742273206,NA,99707.28306,16.79067753,-0.17148704,NA,81778.36914,16.05136849,-0.555890415,NA,61585.01528,18.01105772,-0.277058904,NA,99993.72922
4347,"1996-01-01","Brent","E09000005",157295.9522,17.39300154,0.249644498,0.16271002,99969.19087,16.83478273,0.262676714,2.602605893,82231.07191,16.14022449,0.553572748,1.788253609,61823.04137,18.08067046,0.38650001,2.263828978,100329.8140875
4717,"1996-02-01","Brent","E09000005",157202.0369,17.38261685,-0.059706097,0.67341742,100383.8271,16.90460735,0.414763967,1.708151813,82663.64371,16.22512921,0.526044226,0.990911059,62013.01614,18.13623019,0.307287964,1.86316788,100565.6309625
5081,"1996-03-01","Brent","E09000005",156896.8029,17.3488656,-0.194166711,0.876441965,99991.2509,16.83849764,-0.391075107,1.335297113,82300.85823,16.15392208,-0.438869454,0.486532245,61738.21118,18.05586116,-0.443140771,1.401902082,100231.7808025
5419,"1996-04-01","Brent","E09000005",155160.7002,17.15689603,-1.106525203,-0.66741417,99080.00461,16.68504403,-0.911326016,-0.846143039,81784.1708,16.05250724,-0.627803212,-1.557078045,61696.13695,18.04355619,-0.068149421,-0.086156621,99430.25314
5778,"1996-05-01","Brent","E09000005",156630.1199,17.31937713,0.94703084,-0.71567892,99824.61681,16.8104365,0.751526206,-1.080587064,82789.13103,16.24975973,1.228795527,-1.235282261,62068.56528,18.152476,0.603649354,-0.619928736,100328.108255
6132,"1996-06-01","Brent","E09000005",157033.9714,17.36403301,0.25783768,-1.035971305,100291.3629,16.88903641,0.467566111,-1.241137874,83432.2631,16.37599298,0.776831527,-1.019613439,62624.36562,18.31502451,0.895461873,-1.032184081,100845.490755
6505,"1996-07-01","Brent","E09000005",162308.9653,17.94731551,3.359141885,2.053082561,103478.4251,17.42573675,3.177803236,1.936607823,85909.33976,16.86219087,2.968967362,2.018189641,63978.93973,18.71118114,2.163014501,1.800311329,103918.9174725
6843,"1996-08-01","Brent","E09000005",166294.5,18.38801605,2.455523444,4.539146169,105542.7026,17.77336049,1.994886895,4.788620894,87407.52331,17.15625269,1.743912305,4.456186892,64970.91816,19.00129361,1.550476511,4.49816534,106053.9110175
7215,"1996-09-01","Brent","E09000005",171168.1178,18.92691639,2.930714971,6.576396719,107931.7586,18.17567683,2.263591831,6.641650714,89438.1252,17.554817,2.323143151,6.280018765,66342.57096,19.40244505,2.111179647,6.891624767,108720.14314
7573,"1996-10-01","Brent","E09000005",170195.0005,18.81931394,-0.568515487,6.619752937,107027.2008,18.02334956,-0.838083062,6.381490655,88617.31519,17.39370931,-0.917740622,6.566169283,65754.79429,19.2305448,-0.885972107,6.364451384,107898.577695
7946,"1996-11-01","Brent","E09000005",169339.9427,18.72476591,-0.502398923,7.124554198,106750.2138,17.97670503,-0.258800546,6.88000694,88527.83175,17.3761456,-0.100977378,7.651589224,65843.77491,19.25656794,0.135321884,6.61903479,107615.44079
8291,"1996-12-01","Brent","E09000005",169441.5317,18.73599911,0.059991141,7.99040327,107374.7028,18.08186879,0.585000194,7.68992946,88937.05405,17.4564673,0.462252701,8.753763349,66099.54151,19.33136904,0.388444607,7.330559553,107963.207515
8663,"1997-01-01","Brent","E09000005",172151.8147,19.03568868,1.599538796,9.444529419,109370.2155,18.41791256,1.858457045,9.403921914,90738.12472,17.80997948,2.025107191,10.34530211,67126.15447,19.63161067,1.553131745,8.577890987,109846.5773475
8996,"1997-02-01","Brent","E09000005",176013.9414,19.46274338,2.243442338,11.96670528,111401.3167,18.75994941,1.857088068,10.97536327,92304.55062,18.11743583,1.726315043,11.66281388,68489.33392,20.03028401,2.030772444,10.44348135,112052.28566
9349,"1997-03-01","Brent","E09000005",178847.7962,19.7760969,1.610017227,13.99072056,112908.04,19.01368118,1.352518382,12.91791934,93743.69758,18.39991002,1.559128936,13.90366953,69244.20906,20.25105362,1.102179136,12.15778323,113685.93571
9731,"1997-04-01","Brent","E09000005",179758.7719,19.87682805,0.509358076,15.85328732,113568.7009,19.12493627,0.58513181,14.62322931,94259.05525,18.50106386,0.549751811,15.2534217,69605.02654,20.35657774,0.521079645,12.81910017,114297.8886475
10069,"1997-05-01","Brent","E09000005",179878.546,19.89007208,0.066630505,14.84288343,114010.7656,19.19937984,0.389248705,14.2110726,94451.6386,18.53886391,0.204312835,14.08700324,69237.95683,20.2492251,-0.527360927,11.55076087,114394.7267575
10449,"1997-06-01","Brent","E09000005",183644.1864,20.3064578,2.093434961,16.9455149,116002.6489,19.53481241,1.747101037,15.66564209,95851.26974,18.81358197,1.481849503,14.88513697,69931.20877,20.45197248,1.001259963,11.66773201,116357.3284525
10796,"1997-07-01","Brent","E09000005",192589.3178,21.2955658,4.870903655,18.65599503,121346.9769,20.43479569,4.607074115,17.2679008,100423.9683,19.71110622,4.770618676,16.89528588,72839.70855,21.3025878,4.159086948,13.8495087,121799.9928875
11150,"1997-08-01","Brent","E09000005",198921.7679,21.99577654,3.288058848,19.62017259,124950.4852,21.04162545,2.96959055,18.38855945,103345.3858,20.28451884,2.909083895,18.23397105,74851.29215,21.89089241,2.761657952,15.20737935,125517.2327625
11520,"1997-09-01","Brent","E09000005",202095.1649,22.34667494,1.595299027,18.06822878,126817.9474,21.35610554,1.494561781,17.49826841,104801.5296,20.57032915,1.409007105,17.17769061,75925.76188,22.20513015,1.435472516,14.44500986,127410.100945
11867,"1997-10-01","Brent","E09000005",204024.4902,22.56001011,0.954661765,19.87689976,127924.5125,21.54245078,0.872561884,19.52523425,105392.0716,20.68624008,0.563486011,18.92943423,76614.69803,22.40661535,0.907381287,16.5157596,128488.9430825
12240,"1997-11-01","Brent","E09000005",206224.0173,22.80322284,1.078070158,21.7810837,129130.8794,21.74560261,0.943030266,20.96545264,106182.6676,20.84141739,0.750147499,19.9426954,77054.40408,22.5352111,0.573918662,17.02610336,129647.992095
12581,"1997-12-01","Brent","E09000005",208181.1416,23.01963188,0.949028276,22.86311363,130797.5094,22.02626263,1.290651805,21.81408282,107453.0812,21.09077277,1.19644157,20.81924942,78009.75903,22.81461272,1.239844703,18.01860838,131110.3728075
12945,"1998-01-01","Brent","E09000005",208281.2155,23.03069755,0.048070593,20.98694159,130376.5998,21.95538157,-0.321802461,19.20667721,107361.5142,21.0728001,-0.085215789,18.32018183,77624.47183,22.70193222,-0.493896161,15.63968239,130910.9503325
13319,"1998-02-01","Brent","E09000005",209376.795,23.15184127,0.526009761,18.95466539,131856.9495,22.20467203,1.135441248,18.36211036,108752.962,21.34591195,1.296039648,17.81971877,79132.42948,23.14294717,1.942631775,15.53978548,132279.783995
13662,"1998-03-01","Brent","E09000005",210622.7529,23.28961307,0.595079262,17.76647933,132838.3003,22.36993122,0.744254135,17.65176354,109896.3203,21.57032906,1.051335336,17.23062255,79966.79132,23.38696334,1.05438673,15.48516821,133331.041205
14030,"1998-04-01","Brent","E09000005",213424.6574,23.59943369,1.330295276,18.7283687,135457.756,22.81104681,1.971913048,19.27384481,111960.0869,21.97540292,1.877921533,18.77913123,81365.0616,23.79589929,1.748563696,16.8953819,135551.890475
14383,"1998-05-01","Brent","E09000005",218699.7732,24.18272968,2.47165245,21.5819107,138799.4217,23.37378233,2.466942994,21.74238192,115101.6166,22.59201891,2.805937155,21.86301722,82936.54742,24.25549358,1.931401259,19.784799,138884.33973
14719,"1998-06-01","Brent","E09000005",221420.9143,24.48361988,1.244235899,20.57060919,140378.3319,23.63967035,1.137548121,21.01304002,116530.0343,22.87238716,1.241005712,21.57380342,84104.07511,24.59694691,1.407736064,20.26686881,140608.3389025
15107,"1998-07-01","Brent","E09000005",225332.0112,24.91608946,1.766362923,17.00130298,142741.8683,24.0376892,1.683690345,17.63116972,118313.8725,23.22251698,1.530797023,17.81437692,85253.64432,24.93314814,1.366841268,17.04281362,142910.34908
15465,"1998-08-01","Brent","E09000005",227734.3944,25.18173301,1.066152647,14.484401,143317.3438,24.13459911,0.403158169,14.69930953,118561.7506,23.27117022,0.209508897,14.72379702,85460.17323,24.99354926,0.2422523,14.17327714,143768.4155075
15797,"1998-09-01","Brent","E09000005",231843.0033,25.63604248,1.804123134,14.71971801,145156.2474,24.44426993,1.283099103,14.46033492,119828.8451,23.51987413,1.068721109,14.33883218,85906.09369,25.12396246,0.521787452,13.14485567,145683.5473725
16167,"1998-10-01","Brent","E09000005",232008.1747,25.65430631,0.071242777,13.71584583,145159.1387,24.44475684,0.001991897,13.4724971,119668.7751,23.48845577,-0.133582155,13.54627851,86374.45177,25.26093774,0.545197733,12.73874855,145802.6350675
16537,"1998-11-01","Brent","E09000005",232409.2493,25.69865514,0.172870901,12.69746964,145750.4097,24.5443267,0.407326063,12.87029907,119673.4159,23.48936665,0.003877979,12.70522637,86942.44243,25.4270514,0.657591048,12.83254145,146193.8793325
16870,"1998-12-01","Brent","E09000005",229221.5549,25.34617579,-1.371586753,10.10678159,145003.3437,24.41852101,-0.512565277,10.86093643,118774.4617,23.31292091,-0.75117281,10.53611533,86829.46034,25.39400884,-0.129950441,11.30589483,144957.20516
17243,"1999-01-01","Brent","E09000005",231909.2778,25.64337078,1.172543715,11.34430787,146479.8156,24.66715844,1.018232985,12.35130833,120027.8896,23.55894236,1.055300824,11.7978733,87728.1408,25.65683553,1.034994867,13.01608724,146536.28095
17613,"1999-02-01","Brent","E09000005",232632.478,25.72333865,0.311846177,11.10709666,146958.5529,24.74777766,0.326828154,11.45302047,120637.537,23.67860328,0.507921447,10.9280472,87953.26226,25.7226742,0.256612602,11.14692528,147045.45754
17961,"1999-03-01","Brent","E09000005",236931.8565,26.19874247,1.848141966,12.49110232,148846.7557,25.06575047,1.284853974,12.05108421,122571.4143,24.05818259,1.603047722,11.53368371,89503.85635,26.17615853,1.762975066,11.92628199,149463.4707125
18299,"1999-04-01","Brent","E09000005",233162.1926,25.78191185,-1.59103292,9.248010723,146663.7933,24.69814024,-1.466583781,8.272717337,121558.3456,23.85933859,-0.826512979,8.572928925,88429.84677,25.86205536,-1.199958998,8.682824094,147453.5445675
18679,"1999-05-01","Brent","E09000005",231392.8195,25.5862634,-0.758859358,5.803868073,146008.7927,24.58783832,-0.446600102,5.194092965,121484.8211,23.84490728,-0.060484953,5.545712283,88463.26024,25.87182741,0.037785289,6.663784535,146837.423385
19024,"1999-06-01","Brent","E09000005",234141.7624,25.89022779,1.187998345,5.745097806,147993.3694,24.92204046,1.359217262,5.424653074,123321.5302,24.20541453,1.511883643,5.828107781,89254.18769,26.10314083,0.894074498,6.123499457,148677.7124225
19400,"1999-07-01","Brent","E09000005",243153.0828,26.88665464,3.848660048,7.908805998,153122.1512,25.78572583,3.46554838,7.272066013,127624.497,25.04999613,3.489225926,7.869427569,91932.43781,26.88641769,3.000699672,7.834026975,153958.0422025
19756,"1999-08-01","Brent","E09000005",252432.2512,27.91269878,3.816183725,10.8450271,158404.369,26.67524978,3.449675821,10.52700588,132124.4525,25.93324245,3.525933935,11.43935695,94459.09185,27.625359,2.748381421,10.52995598,159355.0411375
20089,"1999-09-01","Brent","E09000005",259955.1478,28.74454315,2.980164608,12.12550912,162069.1797,27.29240283,2.313579286,11.65153594,135232.0232,26.54319302,2.352002733,12.85431578,96819.77942,28.31576201,2.499163947,12.70420439,163519.03253
20459,"1999-10-01","Brent","E09000005",264066.2056,29.19912341,1.581448878,13.81762988,164818.6903,27.75541962,1.696504302,13.54344738,136915.661,26.8736556,1.244999353,14.41218554,98952.22898,28.93941489,2.202493716,14.56191843,166188.19647
20829,"1999-11-01","Brent","E09000005",271279.1588,29.99669578,2.731494226,16.72476871,169404.8351,28.52772507,2.782539261,16.22940572,140488.0217,27.57483462,2.609168722,17.39284003,101976.5766,29.82391088,3.056371391,17.29205408,170787.14805
21166,"1999-12-01","Brent","E09000005",270249.4924,29.88284041,-0.379559705,17.89881303,169938.1508,28.61753528,0.314817295,17.19602211,141030.3029,27.68127299,0.385998242,18.73790116,102915.5655,30.09852613,0.920788842,18.52609141,171033.3779
21523,"2000-01-01","Brent","E09000005",279063.8134,30.85748404,3.261549506,20.33318202,175170.5281,29.49866611,3.078989226,19.58680273,145070.9966,28.47437591,2.865124446,20.86440671,105472.7579,30.84639862,2.484747891,20.2268245,176194.524
21880,"2000-02-01","Brent","E09000005",284644.4068,31.47455821,1.999755303,22.35798251,178755.5822,30.10238816,2.04660799,21.6367327,148366.819,29.1212763,2.271868543,22.98561683,107850.3992,31.54175989,2.254270524,22.62239784,179904.3018
22237,"2000-03-01","Brent","E09000005",295892.448,32.71831048,3.951611531,24.88504179,185396.5423,31.22072393,3.715106444,24.55531291,153954.1897,30.2179593,3.765916664,25.60366596,111206.5266,32.5232877,3.111835903,24.24774881,186612.42665
22627,"2000-04-01","Brent","E09000005",300101.835,33.18376349,1.422607106,28.7094754,189095.2601,31.84358693,1.995030629,28.93111234,157605.5273,30.93463982,2.371703912,29.65422199,114052.6559,33.35566225,2.559318598,28.97529521,190213.819575
22963,"2000-05-01","Brent","E09000005",305548.4939,33.78602786,1.814936904,32.04752617,192999.1634,32.50100312,2.064516758,32.18324727,160611.8741,31.52472227,1.907513553,32.20735941,116537.979,34.08251596,2.179101401,31.73602084,193924.3776
23334,"2000-06-01","Brent","E09000005",309549.1953,34.22840546,1.30935071,32.20588764,196574.4851,33.10308625,1.852506298,32.82654887,162917.6759,31.97730252,1.435635963,32.10805572,118878.9529,34.76715356,2.008764872,33.1914569,196980.0773
23697,"2000-07-01","Brent","E09000005",314884.6216,34.81837028,1.723611765,29.50056728,198818.7406,33.48101822,1.141681988,29.84322585,163934.4676,32.17687727,0.624113793,28.45062771,119546.4688,34.9623742,0.561508835,30.03730958,199296.07465
24029,"2000-08-01","Brent","E09000005",317038.874,35.05657676,0.684140217,25.59364837,199628.4288,33.61736949,0.407249461,26.02457248,163692.5442,32.12939282,-0.147573225,23.89269442,120102.8354,35.12508832,0.465397794,27.14798865,200115.6706
24398,"2000-09-01","Brent","E09000005",325311.8755,35.97136399,2.60945967,25.14154008,202759.8177,34.14469447,1.568608685,25.10695624,166158.0687,32.61332326,1.506192306,22.8688773,122342.3749,35.78006055,1.864684939,26.36093121,204143.0342
24750,"2000-10-01","Brent","E09000005",330666.3457,36.56343459,1.645949807,25.22100091,206847.0487,34.83298299,2.01579932,25.49975271,168760.5402,33.12413351,1.566262491,23.25875573,124830.9396,36.50786233,2.03409878,26.15273139,207776.21855
25105,"2000-11-01","Brent","E09000005",329413.7557,36.42492944,-0.37880782,21.42980583,205329.1996,34.57737763,-0.73380267,21.20622148,167583.7938,32.89316301,-0.697287675,19.28689136,124195.2701,36.32195541,-0.509224331,21.78803629,206630.5048
25467,"2000-12-01","Brent","E09000005",326759.3273,36.13141598,-0.805803764,20.91024646,205112.3096,34.54085342,-0.10563036,20.69821206,167346.3895,32.84656555,-0.141663045,18.65988086,124356.4198,36.369085,0.129755094,20.83344162,205893.61155
25843,"2001-01-01","Brent","E09000005",324569.0485,35.88922588,-0.670303372,16.30639049,203676.9233,34.29913478,-0.699805051,16.273511,167469.3891,32.87070779,0.073500045,15.43960751,124358.3142,36.36963904,0.001523379,17.90562485,205018.418775
26185,"2001-02-01","Brent","E09000005",327376.9457,36.19970914,0.865115502,15.01260445,206287.907,34.73882368,1.281924156,15.40221821,170020.2841,33.37139466,1.523200753,14.59454702,125684.4366,36.75747473,1.066372134,16.53590306,207342.39335
26547,"2001-03-01","Brent","E09000005",328851.6803,36.36277794,0.450469921,11.13892314,207253.0315,34.90135036,0.467853151,11.78904896,171105.0094,33.58430334,0.637997551,11.14020974,125886.48,36.81656401,0.160754452,13.20062211,208274.0503
26894,"2001-04-01","Brent","E09000005",331676.8707,36.6751734,0.859107794,10.52144042,208779.1431,35.15834712,0.73635191,10.40950629,172645.0268,33.88657628,0.900042294,9.542494995,126931.8983,37.12230543,0.830445277,11.29236513,210008.234725
27270,"2001-05-01","Brent","E09000005",336008.4586,37.15413878,1.305966225,9.968946121,211879.2358,35.68040182,1.484867039,9.782463307,175908.9129,34.52720825,1.890518445,9.524226602,129672.1237,37.92370749,2.158815433,11.27026988,213367.18275
27623,"2001-06-01","Brent","E09000005",336006.9577,37.15397282,-0.000446686,8.547191482,212539.4143,35.7915757,0.311582451,8.121567351,176676.9951,34.67796658,0.4366363,8.445565593,131182.333,38.36538096,1.164636853,10.34950241,214101.425025
27991,"2001-07-01","Brent","E09000005",339834.2891,37.57718002,1.139063138,7.923431564,215250.1337,36.24806005,1.275396082,8.264509184,178543.4295,35.04430828,1.056410552,8.911464519,132788.0229,38.83497851,1.224013791,11.07649122,216603.9688
28336,"2001-08-01","Brent","E09000005",347325.9944,38.40557542,2.204517185,9.553125171,219354.8558,36.93929406,1.906954507,9.881572012,181821.3713,35.6876991,1.835935291,11.07492538,135460.1116,39.61645341,2.012296448,12.78677236,220990.583275
28693,"2001-09-01","Brent","E09000005",354785.3939,39.23039858,2.14766517,9.060080662,222390.1213,37.4504319,1.383723887,9.681555172,184476.5491,36.20885447,1.46032214,11.02473115,137338.2371,40.16572707,1.386478632,12.25729204,224747.57535
29056,"2001-10-01","Brent","E09000005",356917.4726,39.46615321,0.600948846,7.938856558,224153.8959,37.74745103,0.79309935,8.366978066,185422.9502,36.39461305,0.513019758,9.873404042,138450.9579,40.49115166,0.810204673,10.91077122,226236.31915
29420,"2001-11-01","Brent","E09000005",355527.4987,39.31245683,-0.389438467,7.927338327,224076.9459,37.73449266,-0.034329132,9.130579731,184537.5287,36.22082348,-0.477514539,10.11657185,138298.6725,40.44661451,-0.109992314,11.35582887,225610.16145
29764,"2001-12-01","Brent","E09000005",355872.6505,39.350622,0.097081618,8.909714512,226474.737,38.13827999,1.0700749,10.41499042,185696.4025,36.44828596,0.62798814,10.96528766,140378.011,41.05473463,1.503513033,12.88360604,227105.45025
30139,"2002-01-01","Brent","E09000005",360732.1292,39.8879589,1.365510572,11.14187592,229869.6231,38.70997783,1.499013152,12.85992511,188182.3795,36.93623081,1.338731954,12.36822473,143242.2269,41.89239875,2.040359349,15.18508255,230506.589675
30476,"2002-02-01","Brent","E09000005",364733.5988,40.33042144,1.109263436,11.41089915,233051.4349,39.24579402,1.384181082,12.97387149,191090.3768,37.50700933,1.545307973,12.39269351,145385.298,42.51915799,1.496116863,15.6748615,233565.177125
30854,"2002-03-01","Brent","E09000005",365504.7079,40.41568684,0.211417068,11.14576258,233555.3173,39.33064766,0.2162108,12.69090525,191595.1222,37.60608018,0.264139583,11.97516827,145374.716,42.5160632,-0.007278577,15.48080149,234007.46585
31194,"2002-04-01","Brent","E09000005",364486.0094,40.30304425,-0.278710067,9.891898287,233729.8074,39.36003174,0.074710371,11.95074559,192174.9693,37.71989195,0.302641932,11.31219525,146439.4295,42.82744765,0.732392473,15.36850191,234207.5539
31555,"2002-05-01","Brent","E09000005",369682.1959,40.87761262,1.425620283,10.02169332,238009.0816,40.08066028,1.830863733,12.33242405,195600.3259,38.39221718,1.782415584,11.19409627,149750.7782,43.79587953,2.261241178,15.48417186,238260.5954
31903,"2002-06-01","Brent","E09000005",381369.5158,42.16993814,3.161450578,13.50048177,246087.3892,41.44104493,3.394117368,15.78435464,203186.5104,39.88122514,3.878410945,15.00450883,156250.6394,45.69681882,4.34045237,19.10951404,246723.5137
32292,"2002-07-01","Brent","E09000005",393590.4803,43.52127142,3.204494323,15.81835409,253478.2844,42.68566954,3.003362018,17.75987316,209693.3069,41.15837201,3.202376224,17.4466669,160760.8326,47.01586291,2.886511855,21.06576265,254380.72605
32642,"2002-08-01","Brent","E09000005",402814.3455,44.5412004,2.343518358,15.97587049,258772.3676,43.57719162,2.088574667,17.96974664,214381.6945,42.07860357,2.235830814,17.90786359,164551.9632,48.12461106,2.358242695,21.47632341,260130.0927
32994,"2002-09-01","Brent","E09000005",415908.231,45.98905693,3.250600604,17.22811543,266567.1783,44.88983547,3.012226817,19.86466695,220073.5566,43.19579603,2.655013144,19.2962237,168287.4029,49.21707193,2.270066903,22.53499569,267709.0922
33364,"2002-10-01","Brent","E09000005",422710.1295,46.74117692,1.635432516,18.43357693,272139.0641,45.82813942,2.090236996,21.40724251,223271.0789,43.82340218,1.452933408,20.41178215,170889.1198,49.97796603,1.545996278,23.42935179,272252.348075
33717,"2002-11-01","Brent","E09000005",430920.5969,47.64904944,1.942339869,21.20598223,276884.3689,46.62724737,1.743705866,23.56664708,226573.4084,44.4715798,1.479067315,22.77904124,173823.0544,50.83601998,1.71686448,25.68671221,277050.35715
34063,"2002-12-01","Brent","E09000005",436841.2466,48.30372534,1.373953753,22.75212663,282649.8752,47.59815696,2.08227945,24.80415208,230350.7965,45.21300139,1.667180694,24.04698933,177451.4423,51.89717263,2.087403097,26.40971401,281823.34015
34432,"2003-01-01","Brent","E09000005",435363.6118,48.14033586,-0.3382544,20.68889257,280977.9426,47.31660401,-0.591520712,22.23361175,230510.7554,45.24439795,0.069441441,22.49327276,177966.0265,52.04766713,0.289985934,24.24131511,281204.584075
34769,"2003-02-01","Brent","E09000005",437501.2175,48.37670163,0.490993177,19.95089537,284865.362,47.9712443,1.38353187,22.23282903,233261.2609,45.78426414,1.193222179,22.06855456,180638.5983,52.82928334,1.501731488,24.24818797,284066.609675
35134,"2003-03-01","Brent","E09000005",433495.5199,47.93377158,-0.915585468,18.60189775,281717.7517,47.44118763,-1.104946679,20.6214249,231335.0387,45.40618735,-0.825778889,20.74161181,179434.0778,52.47701113,-0.666812406,23.42866949,281495.597025
35511,"2003-04-01","Brent","E09000005",436231.8314,48.23633925,0.631220252,19.68410861,286004.2662,48.16303544,1.521563527,22.36533691,233680.0896,45.86647137,1.013703293,21.59756828,181724.962,53.14699956,1.276727501,24.09565006,284410.2873
35854,"2003-05-01","Brent","E09000005",440028.4412,48.65614942,0.870319289,19.02884316,289623.3124,48.77248176,1.265381882,21.68582409,236829.8519,46.48470326,1.347895033,21.07845462,183364.1906,53.6264058,0.902038215,22.44623554,287461.449025
36229,"2003-06-01","Brent","E09000005",446286.2926,49.3481114,1.422147024,17.02201514,294620.943,49.6140813,1.725562258,19.7220808,241281.2487,47.35841854,1.879575903,18.74865523,187047.9896,54.70376395,2.009006807,19.71022352,292309.118475
36579,"2003-07-01","Brent","E09000005",449068.9265,49.65580118,0.623508722,14.0954746,296682.5749,49.96125952,0.699757427,17.04457272,243615.029,47.81649037,0.967244773,16.17682633,188238.9804,55.05207925,0.636730051,17.09256375,294401.3777
36927,"2003-08-01","Brent","E09000005",448250.182,49.56526849,-0.182320466,11.27959741,295737.3999,49.80209233,-0.318581214,14.28476798,243418.4802,47.777912,-0.080680054,13.54443337,188194.9779,55.03921036,-0.023375855,14.36811465,293900.26
37290,"2003-09-01","Brent","E09000005",448881.0173,49.63502311,0.140732863,7.92789942,296286.1195,49.89449654,0.185542828,11.14876235,244039.7031,47.89984495,0.25520778,10.89006188,187493.3534,54.83401433,-0.372817899,11.41258953,294175.048325
37647,"2003-10-01","Brent","E09000005",457418.636,50.57907039,1.901978129,8.210947442,301914.8081,50.84236607,1.899747644,10.94137077,249190.5905,48.91085545,2.110675946,11.60898748,191643.9325,56.04788624,2.213720665,12.14519254,300041.991775
38003,"2003-11-01","Brent","E09000005",454613.39,50.26888028,-0.613277606,5.498180709,300674.8473,50.63355704,-0.410698872,8.592207122,247919.06,48.66128086,-0.510264222,9.421075386,190503.6647,55.71440529,-0.594992908,9.596316375,298427.7405
38365,"2003-12-01","Brent","E09000005",453540.5694,50.15025313,-0.235985263,3.82274406,301908.1602,50.84124657,0.410181586,6.813477272,249262.1055,48.92489234,0.541727395,8.209786655,192048.0243,56.16606629,0.810671849,8.225676732,299189.71485
38762,"2004-01-01","Brent","E09000005",454482.245,50.25437893,0.207627651,4.391417348,302613.2864,50.95998963,0.233556539,7.700015028,249425.7173,48.95700589,0.065638451,8.205674303,191997.9916,56.15143381,-0.026052174,7.884631335,299629.810075
39161,"2004-02-01","Brent","E09000005",460146.9574,50.88075455,1.246410043,5.176154715,306891.9097,51.68050854,1.413891405,7.732266048,253490.711,49.7548784,1.629741235,8.672443102,194522.7168,56.88981101,1.3149748,7.686130519,303763.073725
39530,"2004-03-01","Brent","E09000005",461877.5724,51.07211733,0.376100519,6.547253954,306976.2934,51.69471872,0.027496219,8.96590348,254376.1254,49.92866656,0.349288695,9.960050545,195120.1581,57.06453776,0.30713189,8.741973941,304587.537325
39934,"2004-04-01","Brent","E09000005",463829.4111,51.28794191,0.422587877,6.326356238,310389.6803,52.26953209,1.111938279,8.526241367,258670.9588,50.77165174,1.68837912,10.69447949,197857.1362,57.86499014,1.402714203,8.877247295,307686.7966
40314,"2004-05-01","Brent","E09000005",466967.6593,51.63495374,0.676595346,6.122153841,314665.9802,52.98965976,1.37771975,8.646634006,263623.4577,51.7437228,1.914594104,11.31344113,202196.5596,59.13409114,2.193210426,10.27047263,311863.4142
40706,"2004-06-01","Brent","E09000005",470374.4323,52.0116577,0.729552235,5.397463495,319234.0841,53.75892713,1.45173111,8.35417229,267680.7373,52.54008118,1.539043461,10.941376,205918.5561,60.22262044,1.840781324,10.08862297,315801.95245
41101,"2004-07-01","Brent","E09000005",476156.0935,52.65096495,1.22916146,6.03185066,324076.727,54.57442679,1.516956722,9.23348874,271300.0174,53.25046949,1.352088341,11.36423665,207940.3697,60.81391691,0.981851118,10.46615812,319868.3019
41497,"2004-08-01","Brent","E09000005",483064.5142,53.41486363,1.450873098,7.766719041,327322.5793,55.12102736,1.001569058,10.68014371,273872.7419,53.75544102,0.948294991,12.51107212,209571.7211,61.29101938,0.784528436,11.35882762,323457.889125
41905,"2004-09-01","Brent","E09000005",481470.8004,53.23863871,-0.329917382,7.260227514,325538.6385,54.82061225,-0.545010005,9.873064261,271897.7923,53.3678001,-0.721119422,11.41539218,206721.023,60.45730865,-1.360249413,10.25512064,321407.06355
42285,"2004-10-01","Brent","E09000005",476390.1932,52.67685052,-1.05522645,4.147526055,321510.0178,54.14219371,-1.237524568,6.490310924,269181.3828,52.83462621,-0.999055398,8.022290193,205882.0817,60.2119532,-0.405832579,7.429480827,318240.918875
42689,"2004-11-01","Brent","E09000005",474033.5768,52.41626764,-0.494681964,4.271802644,320663.4241,53.99962757,-0.263317982,6.647904528,268732.5896,52.74653759,-0.16672517,8.39529224,205941.7336,60.22939891,0.028973828,8.103817306,317342.831025
43079,"2004-12-01","Brent","E09000005",471802.7923,52.16959863,-0.470596294,4.026590829,320493.9895,53.97109484,-0.052838765,6.156120235,269492.7411,52.89573929,0.282865392,8.116209882,207178.5441,60.59111459,0.600563327,7.878508488,317242.01675
43445,"2005-01-01","Brent","E09000005",468956.6929,51.85489115,-0.603239219,3.184821413,318065.1397,53.56207723,-0.757845672,5.106138412,268211.3028,52.64421998,-0.475500142,7.531535116,206156.6278,60.29224651,-0.493253967,7.374366823,315347.4408
43861,"2005-02-01","Brent","E09000005",463531.0936,51.25495545,-1.156951028,0.735446834,314856.9287,53.02181543,-1.008664764,2.595382534,265427.5502,52.09782809,-1.037895306,4.708984858,203772.9803,59.59512869,-1.156231294,4.755364152,311897.1382
44255,"2005-03-01","Brent","E09000005",466949.6485,51.6329622,0.737502831,1.098142965,316170.7411,53.24306106,0.417272827,2.99516541,266879.1607,52.38274859,0.546895159,4.915176377,204187.2044,59.71627202,0.203277244,4.646903955,313546.688675
44636,"2005-04-01","Brent","E09000005",464777.6583,51.39279435,-0.465144423,0.204438781,316267.7361,53.25939499,0.030678039,1.893766513,267030.0628,52.4123675,0.056543259,3.231558753,203266.4767,59.44699742,-0.450923331,2.733962763,312835.483475
45032,"2005-05-01","Brent","E09000005",466198.3128,51.54988324,0.305663261,-0.164753693,316754.2763,53.34132822,0.153838086,0.663654879,268119.5145,52.62620388,0.407988395,1.705484326,203868.5211,59.62307039,0.296184793,0.826899076,313735.156175
45414,"2005-06-01","Brent","E09000005",468576.9877,51.81290525,0.510228123,-0.382130583,318992.468,53.71823905,0.706601889,-0.075686185,271388.5188,53.26784045,1.219234007,1.385150647,205945.3939,60.23046939,1.018731508,0.013033228,316225.8421
45815,"2005-07-01","Brent","E09000005",478882.662,52.95245528,2.19935561,0.572620723,325251.2262,54.7722121,1.962039465,0.362413903,276575.3362,54.28590328,1.911214752,1.944459452,209743.3691,61.3412193,1.844166111,0.867075188,322613.148375
46202,"2005-08-01","Brent","E09000005",483642.972,53.47882661,0.994045182,0.11974753,327637.8997,55.17412723,0.733793851,0.096333224,278999.4692,54.76170944,0.876481986,1.871937791,210980.9838,61.70317017,0.59006142,0.672448895,325315.331175
46608,"2005-09-01","Brent","E09000005",483766.8208,53.4925212,0.025607484,0.476876358,327157.1487,55.09316891,-0.146732398,0.497179155,277666.3812,54.50005239,-0.477810222,2.121601965,209258.7848,61.19949854,-0.816281606,1.227626407,324462.283875
46992,"2005-10-01","Brent","E09000005",480100.9667,53.08716934,-0.757772948,0.778935757,324896.96,54.71255378,-0.690857208,1.0534484,276222.2752,54.21660485,-0.520086746,2.615668423,208228.6554,60.89822849,-0.492275361,1.139765864,322362.214325
47399,"2005-11-01","Brent","E09000005",485316.2473,53.66384905,1.086288289,2.380141629,329859.5932,55.54825978,1.527448349,2.867857195,280379.157,55.03251305,1.504904638,4.333887228,210908.8966,61.68208767,1.287162543,2.41192639,326615.973525
47804,"2005-12-01","Brent","E09000005",482212.8553,53.32069144,-0.639457675,2.206443692,328781.0817,55.36663874,-0.326960799,2.585724657,280331.4925,55.0231575,-0.01700003,4.021908456,211939.0112,61.98335336,0.488416817,2.297760626,325816.110175
48201,"2006-01-01","Brent","E09000005",484418.8002,53.56461383,0.457462905,3.297129053,329297.1804,55.45354962,0.156973361,3.531364886,281372.7423,55.22753287,0.371435186,4.907115911,212395.5181,62.11686268,0.215395439,3.026286582,326871.06025
48579,"2006-02-01","Brent","E09000005",480149.8527,53.09257491,-0.881251418,3.58525228,326183.7467,54.92924829,-0.945478384,3.597449176,279303.1213,54.82130994,-0.735544233,5.227630305,211224.1539,61.77428733,-0.551501365,3.656605314,324215.21865
48978,"2006-03-01","Brent","E09000005",485124.4998,53.64264657,1.036061374,3.892250778,328591.4946,55.33471234,0.738156923,3.928495548,280995.5791,55.1535037,0.605957367,5.289442021,211049.818,61.7233013,-0.082536009,3.360942014,326440.347875
49377,"2006-04-01","Brent","E09000005",484643.5843,53.58946933,-0.099132393,4.274285928,328839.7128,55.37651221,0.075540044,3.975105656,281560.5059,55.2643869,0.201044701,5.441500804,211166.9237,61.75754987,0.055487263,3.886743737,326552.681675
49764,"2006-05-01","Brent","E09000005",489906.5797,54.1714251,1.085951734,5.085446741,331947.6085,55.89988095,0.945109609,4.796567337,284052.0601,55.75342643,0.884909001,5.942329725,212816.2286,62.23990301,0.781043186,4.388959845,329680.619225
50172,"2006-06-01","Brent","E09000005",495774.8647,54.82031078,1.197837555,5.804356106,336676.6804,56.69625528,1.424644058,5.543771127,288342.2834,56.59550675,1.510365133,6.247045622,216206.1311,63.23130862,1.592877822,4.982261064,334249.9899
50538,"2006-07-01","Brent","E09000005",499951.945,55.28219147,0.842535706,4.399675466,339580.4418,57.18524786,0.862477738,4.405583896,290882.8144,57.09415938,0.881081664,5.173085337,217325.484,63.55867283,0.517724881,3.614948583,336935.1713
50933,"2006-08-01","Brent","E09000005",500165.6036,55.30581677,0.042735828,3.416286915,339181.399,57.11804917,-0.117510525,3.52324911,291448.1687,57.20512651,0.19435811,4.461907953,216723.0511,63.38248624,-0.277203072,2.721604206,336879.5556
51351,"2006-09-01","Brent","E09000005",503066.6764,55.62660293,0.580022455,3.989495508,339635.8708,57.19458208,0.133990755,3.81428989,291427.5152,57.20107266,-0.007086506,4.95599573,216683.6986,63.37097727,-0.018157962,3.548196941,337703.44025
51738,"2006-10-01","Brent","E09000005",515033.6213,56.94984799,2.378798975,7.276105871,347286.9907,58.48302846,2.252742018,6.891425134,297743.7594,58.44081814,2.167346552,7.791364485,221897.3432,64.89575164,2.406108332,6.564268372,345490.42865
52124,"2006-11-01","Brent","E09000005",517636.2522,57.23763393,0.505332232,6.659576127,349412.8447,58.84102166,0.612131766,5.927749836,298978.8847,58.68324718,0.41482827,6.633776883,222939.1022,65.20042286,0.469477922,5.703982022,347241.77095
52519,"2006-12-01","Brent","E09000005",520900.0809,57.59853181,0.630525521,8.022852395,353024.7912,59.4492724,1.033718873,7.373815262,302579.2131,59.38991569,1.204208264,7.936218826,225226.1052,65.86927621,1.02584204,6.269300771,350432.5476
52921,"2007-01-01","Brent","E09000005",520039.0231,57.50332034,-0.165301913,7.353187544,352080.4227,59.29024102,-0.267507696,6.918748091,301896.4306,59.25589987,-0.225654157,7.294128117,224405.8614,65.62938897,-0.364186856,5.654706527,349605.43445
53304,"2007-02-01","Brent","E09000005",534227.7804,59.07224233,2.728402425,11.2627188,361562.2734,60.88698191,2.693092257,10.84619544,309630.8212,60.77399758,2.561935108,10.85834623,231261.6907,67.63443416,3.055102636,9.486385161,359170.641425
53715,"2007-03-01","Brent","E09000005",539849.9905,59.69391826,1.052399425,11.28071056,364409.344,61.36642778,0.787435753,10.90041889,312559.4591,61.34882741,0.945848311,11.23287423,232901.4394,68.1139925,0.709044661,10.35377413,362430.05825
54091,"2007-04-01","Brent","E09000005",549312.207,60.74020295,1.752749214,13.3435425,371489.5971,62.55874035,1.942939511,12.9698095,319760.2791,62.76219644,2.303824047,13.56716317,237413.9424,69.4337121,1.937516133,12.42951225,369494.0064
54479,"2007-05-01","Brent","E09000005",549901.8935,60.80540755,0.107349983,12.24627639,371885.5282,62.62541503,0.106579316,12.0313925,321853.8302,63.17311635,0.65472518,13.30804291,238170.3587,69.65493245,0.318606541,11.91362628,370452.90265
54872,"2007-06-01","Brent","E09000005",563805.2439,62.34277065,2.52833287,13.7220307,381287.9947,64.20878767,2.528322798,13.25049134,330172.4878,64.80589333,2.584607304,14.50713502,244470.1535,71.49736062,2.645079263,13.07272012,379933.969975
55269,"2007-07-01","Brent","E09000005",582124.132,64.3683819,3.249151787,16.43601708,392262.8338,66.05694738,2.878359456,15.51396533,339359.5691,66.60912356,2.782509639,16.66538974,251063.6981,73.42569842,2.697075509,15.52427882,391202.55825
55680,"2007-08-01","Brent","E09000005",592984.8983,65.56931124,1.865713114,18.5577125,398351.5831,67.08229101,1.552211633,17.44499677,344740.7444,67.66533474,1.585685449,18.2854385,253352.4727,74.09506986,0.911631018,16.9014885,397357.424625
56070,"2007-09-01","Brent","E09000005",603655.7603,66.74924192,1.799516661,19.9951793,404444.2644,68.10829677,1.529473345,19.08172818,349338.841,68.56784409,1.333783918,19.87160536,256348.0146,74.9711414,1.182361448,18.30516844,403446.720075
56470,"2007-10-01","Brent","E09000005",595646.793,65.86365028,-1.326744118,15.65202122,397547.0555,66.94680879,-1.705354604,14.47219912,343649.9846,67.4512416,-1.628463759,15.418031,253356.1337,74.09614057,-1.167116865,14.17718217,397549.9917
56861,"2007-11-01","Brent","E09000005",599303.1018,66.26794666,0.6138384,15.77687985,399383.1591,67.2560081,0.461858177,14.30122423,343824.3528,67.48546641,0.05074008,14.99954358,254521.0694,74.43683585,0.459801655,14.16618571,399257.920775
57241,"2007-12-01","Brent","E09000005",593834.9092,65.6633012,-0.912425213,14.00169264,395946.2472,66.67723314,-0.860555036,12.15819882,341190.2902,66.96845549,-0.766107056,12.76065089,253470.7324,74.12965593,-0.412671923,12.54056548,396110.54475
57637,"2008-01-01","Brent","E09000005",602507.5334,66.62227672,1.460443657,15.85813885,400837.9881,67.50100089,1.235455809,13.84841708,344796.3899,67.67625678,1.056917443,14.21015785,256184.5377,74.92333119,1.070658228,14.16125058,401081.612275
58046,"2008-02-01","Brent","E09000005",601747.8847,66.53827855,-0.126081205,12.63882313,400553.3138,67.45306181,-0.071019807,10.7840456,344734.1432,67.66403907,-0.018053167,11.33715367,255604.6131,74.75372735,-0.22636986,10.52613699,400659.9887
58439,"2008-03-01","Brent","E09000005",601785.1503,66.5423992,0.006192894,11.47266108,400125.0823,67.38094775,-0.106909987,9.800994105,344285.3344,67.57594738,-0.130189826,10.15034881,253564.9127,74.15719975,-0.797990448,8.872196476,399940.119925
58832,"2008-04-01","Brent","E09000005",598506.0317,66.17981062,-0.544898561,8.955530946,397949.9657,67.01465874,-0.543609161,7.122775119,343250.0472,67.37274234,-0.300706167,7.346055672,251219.4143,73.47123893,-0.925009057,5.814937317,397731.364725
59234,"2008-05-01","Brent","E09000005",598934.5737,66.22719666,0.071601963,8.916623268,398330.2724,67.07870228,0.095566457,7.110990399,344117.4907,67.54300319,0.25271474,6.917320358,251456.0495,73.5404449,0.094194638,5.578230167,398209.596575
59608,"2008-06-01","Brent","E09000005",597925.7523,66.11564622,-0.168436004,6.051825303,397391.3326,66.92058509,-0.235718911,4.223405419,344017.0496,67.52328872,-0.029188025,4.193130054,251455.4424,73.54026735,-0.000241434,2.857317685,397697.394225
60022,"2008-07-01","Brent","E09000005",604954.0658,66.89280207,1.175449216,3.921832572,403437.1778,67.93870367,1.521383261,2.848687929,348093.4557,68.32340124,1.184943053,2.573637947,254381.7261,74.39608371,1.163738449,1.3215881,402716.60635
60387,"2008-08-01","Brent","E09000005",595805.9429,65.88124828,-1.512201244,0.475736338,396742.8654,66.8113834,-1.659319667,-0.403843701,342252.6258,67.17696955,-1.677948796,-0.721736159,250036.7501,73.12535879,-1.708053519,-1.308738999,396209.54605
60805,"2008-09-01","Brent","E09000005",597847.337,66.10697545,0.342627335,-0.962207893,394685.8921,66.46498971,-0.518465081,-2.412785429,339978.9323,66.73069149,-0.664331931,-2.679320933,249396.2692,72.93804476,-0.256154684,-2.711838996,395477.10765
61183,"2008-10-01","Brent","E09000005",574748.5707,63.55282913,-3.863656292,-3.508492378,377484.4724,63.56827561,-4.358255537,-5.046593319,326134.8426,64.01338876,-4.072043408,-5.096796963,240394.3204,70.30534881,-3.609496188,-5.116044815,379690.551525
61592,"2008-11-01","Brent","E09000005",564330.7365,62.400877,-1.812589843,-5.83550547,370177.6002,62.33780046,-1.935674897,-7.312666605,319297.426,62.67134814,-2.09649989,-7.133563014,235358.5741,68.83260229,-2.094785884,-7.528844419,372291.0842
61967,"2008-12-01","Brent","E09000005",545590.1742,60.32863914,-3.320847344,-8.124267236,360518.273,60.71117256,-2.60937648,-8.947672694,310868.1752,61.01686406,-2.639936954,-8.887156479,227876.1261,66.6442972,-3.179169483,-10.09765745,361213.187125
62381,"2009-01-01","Brent","E09000005",530940.8533,58.70879032,-2.685041197,-11.87813864,350001.015,58.94006937,-2.917260712,-12.68267345,300650.5827,59.01136621,-3.286792721,-12.80344241,219982.8364,64.33583798,-3.463851104,-14.13110315,350393.82185
62772,"2009-02-01","Brent","E09000005",537392.8221,59.42221684,1.215195394,-10.69468863,354180.7635,59.64393779,1.194210371,-11.57712312,304061.8564,59.68092727,1.134630666,-11.79816031,223240.6448,65.28861154,1.480937524,-12.66173091,354719.0217
63143,"2009-03-01","Brent","E09000005",541254.0686,59.84917421,0.71851472,-10.0585868,356498.8599,60.03430456,0.654495292,-10.90314612,305844.0678,60.03073777,0.586134498,-11.16552545,225193.7871,65.85982451,0.874904441,-11.18890043,357197.69585
63541,"2009-04-01","Brent","E09000005",543368.9441,60.08302659,0.390736184,-9.212453117,361514.4923,60.87893559,1.406914001,-9.155792576,310604.0799,60.96502772,1.556352597,-9.510841317,228280.0519,66.76242872,1.370492889,-9.131206049,360941.89205
63959,"2009-05-01","Brent","E09000005",526118.8189,58.17559382,-3.174661601,-12.15754743,350720.9797,59.06131121,-2.985637588,-11.95221553,302461.9853,59.36690633,-2.621374014,-12.10502417,221058.578,64.65044767,-3.16342752,-12.08858233,350090.090475
64334,"2009-06-01","Brent","E09000005",529677.3181,58.56907491,0.676367985,-11.41419882,353448.1733,59.52056982,0.777596363,-11.05790582,305833.3203,60.02862827,1.114631006,-11.09937118,222115.9179,64.95967568,0.478307596,-11.66788207,352768.6824
64748,"2009-07-01","Brent","E09000005",524517.0627,57.99847962,-0.974226236,-13.29638193,349142.1488,58.79543654,-1.218290219,-13.45811245,302316.96,59.33844092,-1.149763661,-13.15063383,217058.7794,63.48067283,-2.276801469,-14.6720235,348258.737725
65144,"2009-08-01","Brent","E09000005",534508.1911,59.10324874,1.904824277,-10.28820752,356519.8905,60.03784611,2.113105447,-10.13829822,308278.1367,60.50849414,1.97183007,-9.92672854,219495.9104,64.19343234,1.122797665,-12.21454034,354700.532175
65539,"2009-09-01","Brent","E09000005",528844.6165,58.47699892,-1.059586114,-11.54186298,352758.6495,59.40445421,-1.054987718,-10.62293928,304584.7441,59.78355911,-1.198071514,-10.41070042,215485.8459,63.02065511,-1.826942696,-13.59700507,350418.464
65917,"2009-10-01","Brent","E09000005",545540.6055,60.32315807,3.15706891,-5.081868267,363874.036,61.27628208,3.150989088,-3.605561916,313619.3109,61.55685396,2.966191503,-3.837532826,221498.6803,64.77915933,2.790361684,-7.860268922,361133.158175
66323,"2009-11-01","Brent","E09000005",552602.5708,61.10403496,1.294489406,-2.078243292,366599.4255,61.73523687,0.748992559,-0.966610283,317047.3534,62.22970638,1.093058491,-0.704694851,222816.8253,65.16466196,0.595102862,-5.328783466,364766.54375
66716,"2009-12-01","Brent","E09000005",558884.4374,61.79865243,1.13677839,2.436675702,372374.6743,62.7077871,1.575356766,3.288710234,322129.4741,63.22721945,1.602953199,3.622531932,225636.4029,65.98927122,1.265423989,-0.982868762,369756.247175
67105,"2010-01-01","Brent","E09000005",562672.9323,62.21756528,0.677867295,5.976575126,374429.98,63.05389997,0.551945604,6.97968402,324649.5478,63.72185674,0.782317008,7.982344461,225398.5434,65.9197072,-0.105417166,2.461877044,371787.750875
67493,"2010-02-01","Brent","E09000005",572242.4583,63.27571572,1.700726206,6.484946348,382490.2196,64.41124199,2.152669402,7.992940055,329758.9971,64.72473383,1.573835322,8.451287178,227996.3224,66.67944961,1.152526978,2.130292001,378121.99935
67871,"2010-03-01","Brent","E09000005",587015.3626,64.90922977,2.581581305,8.454678982,389986.7969,65.67366343,1.959939617,9.393560765,335471.9188,65.84605984,1.732453646,9.6872407,232302.6636,67.93887547,1.888776615,3.156781808,386194.185475
68265,"2010-04-01","Brent","E09000005",595791.8194,65.87968657,1.495098324,9.647749637,396956.244,66.8473163,1.787098208,9.803687673,340848.4316,66.90135587,1.602671493,9.737268017,236927.3957,69.29141741,1.990821809,3.788041785,392630.972675
68689,"2010-05-01","Brent","E09000005",598003.975,66.1242957,0.371296735,13.66329307,397641.6309,66.96273525,0.172660563,13.37834173,341758.2119,67.07992653,0.26691636,12.99212083,238239.4229,69.67513084,0.553767604,7.77207791,393910.810175
69084,"2010-06-01","Brent","E09000005",594825.1025,65.77279184,-0.531580498,12.29952315,396747.4147,66.81214951,-0.224879915,12.25052064,341707.2828,67.06993024,-0.014902061,11.7299065,236608.5924,69.1981807,-0.684534248,6.524824798,392472.0981
69456,"2010-07-01","Brent","E09000005",605676.6198,66.97269848,1.824320675,15.47319675,401685.4186,67.64370793,1.244621561,15.04924857,346403.1674,67.99163331,1.374241874,14.58277679,238258.8984,69.68082664,0.697483556,9.766994477,398006.02605
69851,"2010-08-01","Brent","E09000005",619208.5471,68.46899148,2.234183528,15.84640936,411182.9929,69.24309668,2.364430936,15.33241309,354487.298,69.57837759,2.333734616,14.98943839,242160.1039,70.8217671,1.637380777,10.32556527,406759.735475
70265,"2010-09-01","Brent","E09000005",631057.5302,69.7791929,1.913569048,19.32758895,416777.679,70.1852402,1.36063169,18.1481105,358988.914,70.46194983,1.269894857,17.86175142,244621.8784,71.54173384,1.016589633,13.52108877,412861.5004
70650,"2010-10-01","Brent","E09000005",629020.0512,69.55389864,-0.322867395,15.30215072,415738.2273,70.01019684,-0.249401947,14.25333664,357327.7241,70.13589329,-0.462741287,13.93677354,244008.4303,71.36232577,-0.250774006,10.16247587,411523.608225
71026,"2010-11-01","Brent","E09000005",626017.3067,69.22187014,-0.477368639,13.28526861,412170.4163,69.4093785,-0.858186905,12.43073166,353519.4711,69.38841358,-1.065759176,11.50368147,242631.2465,70.95955675,-0.564400065,8.892695242,408584.61015
71439,"2010-12-01","Brent","E09000005",619494.635,68.50062564,-1.041931541,10.84485333,409203.1953,68.90969935,-0.719901492,9.890178776,349834.7353,68.66517767,-1.042300673,8.60066009,240420.3157,70.31295135,-0.911230888,6.552095591,404738.220325
71839,"2011-01-01","Brent","E09000005",618864.8048,68.43098217,-0.10166838,9.986596001,407037.2677,68.54495777,-0.529303684,8.708514146,347950.9974,68.29543969,-0.538465057,7.177416326,239038.2868,69.90876535,-0.574838628,6.051389355,403222.839175
72226,"2011-02-01","Brent","E09000005",615559.2794,68.06547366,-0.534127224,7.569662215,402967.7171,67.85964662,-0.999798053,5.353731008,344118.611,67.54322307,-1.101415579,4.354578351,236714.7544,69.22922867,-0.972033592,3.823935361,399840.090475
72604,"2011-03-01","Brent","E09000005",625064.5849,69.11652291,1.544173859,6.481810311,405481.6804,68.28299732,0.623862221,3.973181558,346694.8695,68.04888828,0.74865424,3.345421798,238435.902,69.73259282,0.727097731,2.640192878,403919.2592
72996,"2011-04-01","Brent","E09000005",632100.542,69.89452394,1.125636819,6.094196223,410570.2437,69.1399099,1.254942827,3.429597066,351071.9402,68.90801491,1.26251384,2.999429556,241850.9984,70.73136658,1.432291166,2.078106095,408898.431075
73398,"2011-05-01","Brent","E09000005",635251.5794,70.24294994,0.498502565,6.228654985,413488.2196,69.6312962,0.710712967,3.985143291,355140.857,69.70665742,1.158997997,3.91582255,245509.9847,71.80146805,1.512909358,3.051787898,412347.660175
73798,"2011-06-01","Brent","E09000005",628104.1047,69.45261785,-1.125140804,5.594754162,411971.9418,69.37595545,-0.366703996,3.837334925,354112.3348,69.50478022,-0.289609639,3.630315364,245684.6146,71.85254004,0.071129448,3.835880229,409968.248975
74191,"2011-07-01","Brent","E09000005",628114.295,69.45374464,0.001622391,3.704563528,413528.7222,69.63811681,0.377885041,2.948402664,355583.1365,69.79346755,0.415348883,2.650082307,246787.7312,72.1751558,0.448997017,3.579649213,411003.471225
74575,"2011-08-01","Brent","E09000005",635757.5984,70.29890299,1.216865064,2.672613513,418764.3824,70.51980049,1.266093506,1.843799405,358889.6463,70.44246567,0.929883763,1.241891683,246379.1841,72.05567274,-0.165545971,1.742268924,414947.7028
74991,"2011-09-01","Brent","E09000005",651645.9835,72.05576134,2.499126263,3.262531913,427704.5895,72.02532875,2.134901484,2.621760003,366567.152,71.94939805,2.139238542,2.110994977,249737.6695,73.03789015,1.363136831,2.091305635,423913.848625
75380,"2011-10-01","Brent","E09000005",652533.2858,72.1538748,0.13616324,3.738073939,426817.6299,71.87596502,-0.207376673,2.664994907,364471.9202,71.53814827,-0.57158196,1.999340009,247467.7619,72.3740365,-0.908916793,1.417709868,422822.64945
75776,"2011-11-01","Brent","E09000005",654525.3374,72.37414593,0.305279696,4.553872614,428213.5038,72.11102978,0.327042232,3.892343283,365180.9797,71.67732168,0.194544326,3.298689196,249376.889,72.93237685,0.771464979,2.780203517,424324.177475
76157,"2011-12-01","Brent","E09000005",642877.6824,71.08620635,-1.779557546,3.774535905,421402.8281,70.96411396,-1.590485985,2.981314141,358872.2567,70.43905246,-1.727560666,2.583368817,246269.8179,72.02368767,-1.245933856,2.433031587,417355.646275
76557,"2012-01-01","Brent","E09000005",658507.5154,72.8144753,2.431229676,6.405714183,432655.5424,72.85906778,2.670298715,6.29384006,368605.3064,72.34944477,2.712120956,5.935982107,252408.2267,73.81891715,2.492554244,5.593221087,428044.147725
76955,"2012-02-01","Brent","E09000005",652187.6312,72.11565404,-0.959728481,5.950418266,427397.5642,71.97362579,-1.21528043,6.062482458,365337.6736,71.70807738,-0.886485564,6.166206052,248017.1381,72.53470621,-1.739677294,4.774684929,423235.001775
77356,"2012-03-01","Brent","E09000005",651668.3847,72.05823836,-0.079616116,4.256168163,427329.8453,71.96222194,-0.015844482,5.38820024,366130.4928,71.86369107,0.217009989,5.605973724,248252.8562,72.60364396,0.095041045,4.117229869,423345.39475
77736,"2012-04-01","Brent","E09000005",633095.7157,70.00456529,-2.85001843,0.157439145,414604.955,69.81935411,-2.977767745,0.982709142,356357.1077,69.94538178,-2.669372062,1.505437173,242166.9401,70.8237664,-2.451498932,0.130634853,411556.179625
78142,"2012-05-01","Brent","E09000005",637927.2717,70.53881465,0.763163601,0.421201996,419941.3384,70.71799952,1.28710072,1.560653584,360724.1387,70.80253783,1.225464818,1.572131623,246358.168,72.0495264,1.730718457,0.345478103,416237.7292
78519,"2012-06-01","Brent","E09000005",660422.596,73.02623535,3.526314866,5.14540361,434900.118,73.23705367,3.562111719,5.565470326,375199.5682,73.64375923,4.01288074,5.954955895,254517.2228,74.43571087,3.311866977,3.595100232,431259.87625
78903,"2012-07-01","Brent","E09000005",685682.1112,75.81930651,3.824750302,9.165181667,450465.2948,75.85822492,3.579023349,8.932045254,389924.9441,76.53403984,3.924678264,9.657884222,263176.087,76.96806883,3.402073998,6.640668778,447312.109275
79317,"2012-08-01","Brent","E09000005",708825.9749,78.37843948,3.375305171,11.49311888,464479.4627,78.21820674,3.111042763,10.91665915,403917.0087,79.28038692,3.588399467,12.54629741,270592.7891,79.13714598,2.81815197,9.827780351,461953.80885
79720,"2012-09-01","Brent","E09000005",689473.7557,76.23856765,-2.730179183,5.804957474,450863.3279,75.92525359,-2.931482628,5.414657464,391492.4891,76.84171585,-3.076008027,6.799664678,262269.5728,76.70295108,-3.075919502,5.018026834,448524.786375
80095,"2012-10-01","Brent","E09000005",678686.7961,75.04579947,-1.564520706,4.007996349,444746.6666,74.8952096,-1.356655319,4.200631711,385967.4111,75.75725961,-1.411285829,5.897708341,259030.8216,75.75575095,-1.234893982,4.672551943,442107.92385
80486,"2012-11-01","Brent","E09000005",667492.9938,73.80804467,-1.649332551,1.981230618,437938.9481,73.74879178,-1.530695797,2.271167113,379296.0431,74.44781083,-1.728479605,3.86522415,255042.6411,74.58937389,-1.539654803,2.271963587,434942.656525
80887,"2012-12-01","Brent","E09000005",685580.498,75.80807064,2.709766903,6.642447983,449562.8255,75.70624937,2.654223267,6.682441506,388997.3857,76.3519797,2.557723123,8.394387813,261161.6239,76.37892208,2.399199911,6.046947266,446325.583275
81276,"2013-01-01","Brent","E09000005",696595.9027,77.02609912,1.606726666,5.784047478,457204.927,76.99317703,1.699896212,5.674117682,393385.9469,77.21336168,1.128172425,6.722811666,263317.8953,77.00954185,0.825646328,4.322231777,452626.167975
81663,"2013-02-01","Brent","E09000005",694393.0491,76.78251856,-0.316231199,6.471361295,454780.3967,76.58488684,-0.530293989,6.40687613,390726.8296,76.69143304,-0.675956369,6.949503937,261671.4044,76.5280117,-0.625286345,5.505372108,450392.91995
82069,"2013-03-01","Brent","E09000005",693583.263,76.69297645,-0.116617839,6.431933665,453780.247,76.41646192,-0.219919266,6.189692115,388990.7881,76.35068472,-0.444310802,6.243756175,261133.6704,76.37074685,-0.205499715,5.188586538,449371.992125
82460,"2013-04-01","Brent","E09000005",698866.0721,77.27712313,0.761669066,10.38869081,456084.5725,76.80450966,0.50780647,10.0046121,393578.5414,77.2511639,1.179398958,10.44498141,264352.8826,77.31223264,1.232783263,9.161424994,453220.51715
82862,"2013-05-01","Brent","E09000005",702048.8035,77.62905369,0.45541364,10.05154265,459166.9118,77.3235747,0.67582625,9.340726862,396190.7737,77.76388999,0.663713093,9.832065881,266164.8316,77.84215241,0.685428106,8.039783607,455892.83015
83269,"2013-06-01","Brent","E09000005",712765.7999,78.81408567,1.526531526,7.925713661,467273.4514,78.68871362,1.765488637,7.443854825,404252.8911,79.34631354,2.034907917,7.743431859,270517.2222,79.1150458,1.635223788,6.286411293,463702.34115
83657,"2013-07-01","Brent","E09000005",716135.9253,79.18673733,0.472823679,4.441389626,469991.4932,79.14643107,0.581681191,4.334673204,407118.4486,79.90876203,0.708852702,4.409439509,271905.5361,79.52106993,0.513207216,3.316961347,466287.8508
84039,"2013-08-01","Brent","E09000005",741382.6173,81.97839054,3.525405027,4.593037425,486278.3683,81.88913612,3.46535531,4.693190419,422079.8637,82.84537215,3.674953843,4.496679914,280857.5167,82.13915222,3.292312713,3.793422422,482649.5915
84436,"2013-09-01","Brent","E09000005",756603.9403,83.6614885,2.053099534,9.736437975,494636.4559,83.29663564,1.71878662,9.70873549,428332.9767,84.0727263,1.481499945,9.410266757,285246.4801,83.42274164,1.562701081,8.760797951,491204.96325
84822,"2013-10-01","Brent","E09000005",764024.5319,84.48202049,0.980776225,12.57394962,498444.1604,83.93785196,0.769798594,12.07372596,430383.1931,84.47514053,0.478650159,11.50765085,287299.9139,84.0232857,0.719880516,10.91340875,495037.949825
85227,"2013-11-01","Brent","E09000005",775098.3635,85.70650953,1.449407858,16.12082384,506097.3311,85.22664371,1.535411868,15.56344403,435787.6187,85.53591524,1.255724111,14.89379512,291823.6146,85.34628016,1.574556912,14.42149961,502201.731975
85616,"2013-12-01","Brent","E09000005",767685.3975,84.88682074,-0.956390357,11.97596776,503748.3959,84.83108369,-0.464127183,12.05294727,433894.6848,85.16437226,-0.434370731,11.5417997,291268.9915,85.18407596,-0.190054206,11.52825104,499149.367425
86008,"2014-01-01","Brent","E09000005",779731.9817,86.21887192,1.56920847,11.93462073,512683.2042,86.33570281,1.773664868,12.13422558,439990.7396,86.3608992,1.404961851,11.84709139,295359.9419,86.38050893,1.404526556,12.16857919,506941.46685
86419,"2014-02-01","Brent","E09000005",780953.9608,86.35399226,0.156717827,12.46569385,512491.7753,86.30346624,-0.037338632,12.68994419,438863.7547,86.13969584,-0.256138323,12.31984125,294754.263,86.20337303,-0.205064666,12.64290175,506765.93845
86792,"2014-03-01","Brent","E09000005",787937.8124,87.12623172,0.894271873,13.60392536,516042.6372,86.90143036,0.692862222,13.72082425,441753.2929,86.70685123,0.658413494,13.56394712,297125.9701,86.89699881,0.804638794,13.78309417,510714.92815
87197,"2014-04-01","Brent","E09000005",811140.2232,89.69183854,2.944700771,16.06518839,531591.8359,89.5199109,3.013161619,16.5555399,456580.3228,89.61708439,3.356405081,16.00742288,306705.8342,89.69871095,3.224175951,16.02136931,526504.554025
87574,"2014-05-01","Brent","E09000005",832638.1809,92.06897544,2.650338018,18.60118224,547465.9348,92.19310455,2.986144224,19.23026698,471610.7943,92.56724882,3.29196654,19.03628899,316631.378,92.60152004,3.236177049,18.96063659,542086.572
87976,"2014-06-01","Brent","E09000005",852647.5264,94.28150902,2.403126101,19.62520179,561135.7972,94.49510541,2.496933877,20.08724131,484271.2703,95.05223315,2.684517861,19.79413901,324234.7334,94.82518553,2.401327197,19.85733506,555572.331825
88391,"2014-07-01","Brent","E09000005",859847.498,95.07764596,0.844425325,20.06763906,566100.5916,95.33117536,0.884775929,20.44911447,488876.2886,95.95610108,0.950917094,20.08207691,326648.7786,95.53119342,0.744536256,20.1331842,560368.2892
88757,"2014-08-01","Brent","E09000005",869129.2439,96.1039751,1.079464192,17.23086348,571188.5402,96.18798442,0.898771109,17.46122743,493319.1789,96.82814671,0.908796436,16.87816011,327911.6179,95.90052143,0.386604626,16.75372686,565387.145225
89157,"2014-09-01","Brent","E09000005",887282.5088,98.11127255,2.088672662,17.27172719,583105.8796,98.19486092,2.086410802,17.88574673,502346.2733,98.59997488,1.829868928,17.27938324,333553.8938,97.55065268,1.720669737,16.93532334,576572.138875
89546,"2014-10-01","Brent","E09000005",880093.3248,97.31632846,-0.810247455,15.19176258,578720.7382,97.45640438,-0.75203176,16.1054305,496695.1418,97.490777,-1.124947427,15.40765293,330672.1027,96.70784852,-0.863965676,15.09648511,571545.326875
89954,"2014-11-01","Brent","E09000005",885553.5016,97.92008757,0.620408838,14.25046721,582269.8127,98.0540675,0.613262024,15.050955,498698.7943,97.88405172,0.403396848,14.43620079,333099.1441,97.41765727,0.733972227,14.14399912,574905.313175
90358,"2014-12-01","Brent","E09000005",898220.8025,99.32077449,1.4304388,17.00376293,590327.9589,99.41105698,1.383919621,17.18706476,505559.3185,99.23062787,1.375684937,16.51659636,339028.7606,99.15182368,1.780135611,16.39713475,583284.210125
90729,"2015-01-01","Brent","E09000005",904363.4699,100,0.683870531,15.98388819,593825.2513,100,0.592432111,15.82693688,509479.1088,100,0.775337357,15.79314357,341928.9207,100,0.85543189,15.76685671,587399.187675
91118,"2015-02-01","Brent","E09000005",899452.648,99.45698582,-0.54301418,15.17358169,589708.6133,99.30675935,-0.693240651,15.06694189,505897.2059,99.29694804,-0.703051957,15.27431931,340731.1818,99.64971115,-0.350288849,15.59838977,583947.41225
91540,"2015-03-01","Brent","E09000005",906399.3,100.2251119,0.772319926,15.0343702,594006.9533,100.0305986,0.728892191,15.1081152,509014.8232,99.90887053,0.616255081,15.22603937,343359.663,100.4184327,0.771423716,15.56030016,588195.184875
91917,"2015-04-01","Brent","E09000005",920902.4948,101.8288029,1.600088924,13.53184917,603345.3262,101.6031778,1.572098246,13.49785408,516741.8571,101.4255243,1.518037107,13.17654993,347856.1286,101.733462,1.309549753,13.41686064,597211.451675
92308,"2015-05-01","Brent","E09000005",941816.7393,104.1413957,2.271059594,13.11236511,619320.5253,104.2933967,2.647770424,13.12494275,529678.1537,103.9646464,2.503435025,12.31255945,355825.7868,104.0642558,2.291078872,12.37856117,611660.301275
92708,"2015-06-01","Brent","E09000005",935297.6183,103.4205438,-0.692185723,9.693347994,616006.8981,103.7353829,-0.535042368,9.778577874,527692.4767,103.5748999,-0.374883681,8.966298251,351127.2133,102.6901183,-1.320470209,8.294139132,607531.0516
93119,"2015-07-01","Brent","E09000005",939940.4417,103.933924,0.496400651,9.314784761,619981.0375,104.4046268,0.645145286,9.517821868,531377.1023,104.2981141,0.698252439,8.693572327,353015.2843,103.2423007,0.537717083,8.071821325,611078.46645
93505,"2015-08-01","Brent","E09000005",952082.0814,105.276486,1.291745635,9.544361564,627276.8104,105.6332329,1.176773552,9.819572045,538784.2415,105.7519793,1.393951515,9.216155496,356433.0676,104.2418602,0.968168646,8.697907676,618644.050225
93878,"2015-09-01","Brent","E09000005",969780.4107,107.2334789,1.858907936,9.297816775,636921.6909,107.2574279,1.537579628,9.229166288,545497.7859,107.0697064,1.246054338,8.589993588,361727.405,105.7902339,1.485366504,8.446464491,628481.823125
94283,"2015-10-01","Brent","E09000005",999138.5669,110.4797562,3.027301171,13.52643346,656428.5633,110.5423811,3.062684311,13.42751898,560385.3047,109.9918132,2.729164779,12.82278881,370868.4503,108.463637,2.52710376,12.15597984,646705.2213
94665,"2015-11-01","Brent","E09000005",986981.6268,109.1355025,-1.216742156,11.45364119,648150.3848,109.1483382,-1.261093589,11.31444262,552131.2934,108.371725,-1.472917161,10.71438433,365631.0991,106.931929,-1.412185714,9.766474069,638223.601025
95086,"2015-12-01","Brent","E09000005",1014665.79,112.1966791,2.804932023,12.96395941,666516.9392,112.2412607,2.833687191,12.90621425,567694.2788,111.4264107,2.818710977,12.29034129,376367.3788,110.0718454,2.936369399,11.01343321,656311.0967
95454,"2016-01-01","Brent","E09000005",1015512.459,112.2902995,0.083443056,12.29029946,667843.3211,112.464623,0.199001981,12.464623,568389.2518,111.5628192,0.12242029,11.5628192,377251.0406,110.3302798,0.23478703,10.33027982,657249.018125
95862,"2016-02-01","Brent","E09000005",1045638.602,115.6214981,2.966595188,16.25276467,687537.8561,115.781177,2.948975365,16.58941981,583913.9289,114.6099858,2.731346012,15.42145616,387565.7411,113.3469018,2.734174178,13.74533771,676164.032025
96241,"2016-03-01","Brent","E09000005",1026920.575,113.5517521,-1.790104813,13.29670239,674072.941,113.5136892,-1.958425273,13.47896066,573011.2771,112.4700253,-1.867167624,12.57260667,380419.811,111.2570137,-1.843798191,10.79341168,663606.151025
96663,"2016-04-01","Brent","E09000005",1049654.875,116.0655975,2.213832336,13.98110184,688011.1798,115.8608846,2.06776417,14.03273075,586579.3444,115.1331506,2.367853447,13.51496126,390236.2995,114.1279294,2.580435665,12.18326612,678620.424675
97037,"2016-05-01","Brent","E09000005",1044220.338,115.4646735,-0.517745147,10.87298157,686456.7925,115.5991262,-0.225924717,10.84030846,588407.2197,115.491924,0.311616038,11.08768696,394586.5188,115.4001881,1.114765436,10.89319773,678417.71725
97442,"2016-06-01","Brent","E09000005",1051944,116.3187174,0.739658219,12.47157746,692730.5828,116.6556307,0.91393812,12.45500467,593609.9374,116.5131077,0.884203576,12.49164345,399477.6298,116.8306352,1.239553493,13.77008339,684440.5375
97818,"2016-07-01","Brent","E09000005",1052534.507,116.3840128,0.056134908,11.97885076,693379.3801,116.764888,0.093657955,11.83880626,594869.8543,116.7604028,0.212246599,11.94871918,400445.859,117.113802,0.242373811,13.43587901,685307.4001
98234,"2016-08-01","Brent","E09000005",1047896.361,115.8711498,-0.4406645,10.06365778,688682.8631,115.9739959,-0.677337273,9.789309609,589626.9333,115.731328,-0.881355971,9.436560084,395381.3246,115.6326358,-1.264723862,10.9272728,680396.8705
98628,"2016-09-01","Brent","E09000005",1068783.392,118.1807334,1.993234395,10.20880594,703723.093,118.5067663,2.183912328,10.48817043,601779.0548,118.1165331,2.060984813,10.31741761,402965.064,117.850565,1.918082337,11.40025767,694312.65095
99019,"2016-10-01","Brent","E09000005",1081848.075,119.6253609,1.222388284,8.27808183,711776.1315,119.8628956,1.144347628,8.431620943,605337.0903,118.8149004,0.591252786,8.021585354,408060.4719,119.3407604,1.264478835,10.02835954,701755.442175
99418,"2016-11-01","Brent","E09000005",1080172.339,119.4400664,-0.154895671,9.441990606,708602.4647,119.328451,-0.445879921,9.326860141,600903.6998,117.9447194,-0.732383746,8.833479822,406922.9353,119.0080782,-0.278766673,11.2933053,699150.3597
99790,"2016-12-01","Brent","E09000005",1053857.778,116.5303335,-2.436144685,3.862551405,689346.0208,116.0856714,-2.717524258,3.425131493,584297.9978,114.6853704,-2.763454772,2.924764204,397824.7101,116.3472247,-2.235859542,5.701166599,681331.626675
100208,"2017-01-01","Brent","E09000005",1013532.413,112.0713559,-3.826452342,-0.194979985,662548.435,111.5729657,-3.887392549,-0.792833588,562649.8052,110.4362869,-3.704991751,-1.009773941,383490.4169,112.1550386,-3.603168132,1.653905663,655555.267525
100591,"2017-02-01","Brent","E09000005",1015901.744,112.3333447,0.233769661,-2.843894479,665027.3542,111.990415,0.374149127,-3.274074554,564757.9263,110.8500666,0.374677308,-3.280620931,386990.5059,113.1786694,0.912692684,-0.148422622,658169.3826
100967,"2017-03-01","Brent","E09000005",1034384.242,114.377047,1.819319407,0.726800711,677147.9907,114.0315267,1.822577144,0.456189458,574189.7237,112.7013295,1.670060198,0.205658537,395164.8838,115.5693358,2.112294169,3.876000238,670221.71005
101371,"2017-04-01","Brent","E09000005",1042040.684,115.2236582,0.740192692,-0.474162081,680347.5333,114.5703287,0.472505061,-0.359389513,576865.8625,113.2265991,0.466071526,-0.962808647,398598.176,116.5734314,0.868828201,1.438414403,674463.06395
101770,"2017-05-01","Brent","E09000005",1041478.919,115.1615411,-0.053910036,-0.299117634,682571.1951,114.9447927,0.326842057,-0.431461772,577394.3882,113.3303375,0.091620208,-1.647781096,400410.9816,117.1036018,0.454795247,1.015268143,675463.870975
102163,"2017-06-01","Brent","E09000005",1040811.634,115.087756,-0.064070883,-1.058266486,683247.7018,115.0587163,0.099111516,-1.368910968,580058.2039,113.8531883,0.461351156,-2.282936425,402872.4859,117.8234897,0.614744456,0.84982678,676747.5064
102545,"2017-07-01","Brent","E09000005",1034471.351,114.3866791,-0.609167248,-1.716158669,682218.8153,114.8854521,-0.150587619,-1.60958763,578918.8469,113.6295566,-0.19642115,-2.68142877,401653.3157,117.466933,-0.302619372,0.301531021,674315.582225
102944,"2017-08-01","Brent","E09000005",1053266.265,116.4649269,1.816861745,0.512445511,693443.7026,116.7757199,1.645349999,0.691298715,590666.5303,115.935379,2.029245289,0.176313674,406449.3509,118.8695744,1.19407335,2.799332563,685956.4622
103343,"2017-09-01","Brent","E09000005",1042352.322,115.2581176,-1.036199803,-2.473005843,686040.3061,115.52899,-1.067627611,-2.51274556,582696.2614,114.3709834,-1.349368643,-3.171063761,399414.3415,116.8121259,-1.730845284,-0.881146066,677625.80775
103756,"2017-10-01","Brent","E09000005",1044013.857,115.4418419,0.159402441,-3.497184543,686291.73,115.5713298,0.036648562,-3.580393364,581848.6062,114.2046065,-0.145471191,-3.88023277,397245.3748,116.1777932,-0.543036751,-2.650363421,677349.892
104146,"2017-11-01","Brent","E09000005",1037316.101,114.7012374,-0.641539003,-3.967537617,682372.5637,114.9113433,-0.571064197,-3.701636147,576974.9064,113.2480021,-0.837623353,-3.982135152,394019.8893,115.2344725,-0.811963016,-3.170879148,672670.8651
104541,"2017-12-01","Brent","E09000005",1057265.376,116.9071287,1.923162566,0.323344577,696309.2137,117.2582711,2.042381358,1.010118149,588639.1491,115.5374468,2.021620454,0.742968,401186.7595,117.3304847,1.818910777,0.845111208,685850.124575
104933,"2018-01-01","Brent","E09000005",1053763.58,116.5199176,-0.331212571,3.969400612,694565.4992,116.9646301,-0.250422446,4.832413574,587385.4186,115.291366,-0.212987952,4.396270839,400997.3905,117.2751021,-0.047202214,4.565168926,684177.972075
105321,"2018-02-01","Brent","E09000005",1052294.138,116.357434,-0.139447058,3.582274411,693084.3305,116.7152017,-0.213251113,4.218923095,585701.9271,114.9609321,-0.286607651,3.708490958,401188.2543,117.3309219,0.047597277,3.668761894,683067.162475
105717,"2018-03-01","Brent","E09000005",1030992.198,114.0019718,-2.024333227,-0.327929311,680050.6685,114.5203368,-1.880530462,0.428664613,575203.4002,112.9002928,-1.792469239,0.176539645,391901.1993,114.6148435,-2.314887065,-0.825901563,669536.8665
106103,"2018-04-01","Brent","E09000005",1039346.616,114.9257617,0.810327988,-0.25853764,687343.3751,115.7484265,1.072376944,1.028274748,581677.564,114.1710346,1.125543384,0.834110982,392744.6846,114.861528,0.215229049,-1.468519384,675278.059925
106493,"2018-05-01","Brent","E09000005",1035755.68,114.5286939,-0.345499367,-0.549529976,685792.5527,115.4872684,-0.225625564,0.471944563,581678.2157,114.1711625,0.000112047,0.741924004,387318.7213,113.2746588,-1.381549762,-3.2697056,672636.292425
106886,"2018-06-01","Brent","E09000005",1064707.6,117.7300526,2.795246029,2.295897224,706592.1513,118.9899148,3.032928607,3.416689065,596019.1311,116.9859816,2.465437927,2.751607876,396366.4404,115.9207413,2.335988058,-1.614914334,690921.3307
107300,"2018-07-01","Brent","E09000005",1096648.511,121.2619192,2.99997023,6.010525085,724238.5328,121.9615604,2.497392802,6.159272735,610984.4294,119.923354,2.510875495,5.538873488,406127.0378,118.7753111,2.462518617,1.113826745,709499.62775
107684,"2018-08-01","Brent","E09000005",1127728.771,124.6986192,2.834113177,7.069675373,743777.8895,125.2519825,2.697917307,7.258583032,627102.3581,123.0869634,2.638026104,6.168595302,418475.2773,122.386659,3.040486933,2.958776127,729271.073975
108078,"2018-09-01","Brent","E09000005",1109975.117,122.7355088,-1.57428397,6.48751809,730308.249,122.9836989,-1.810976188,6.452673771,617418.6912,121.1862638,-1.544192392,5.958924432,411290.919,120.2855322,-1.716793952,2.97349802,717248.24405
108476,"2018-10-01","Brent","E09000005",1070330.811,118.3518393,-3.57163919,2.520747588,704185.6903,118.5846675,-3.576922315,2.607340213,594698.8853,116.7268452,-3.679805332,2.208526241,397907.0609,116.3713089,-3.254109813,0.166568595,691780.611875
108853,"2018-11-01","Brent","E09000005",1048085.448,115.892058,-2.078363372,1.03819334,688028.872,115.863864,-2.294397423,0.828917894,579910.5374,113.8242045,-2.486695075,0.508797009,385168.6642,112.6458563,-3.201349736,-2.246390427,675298.3804
109270,"2018-12-01","Brent","E09000005",1042371.994,115.2602929,-0.545132384,-1.408670122,685439.0539,115.4277393,-0.376411253,-1.561111018,575454.7935,112.949636,-0.768350221,-2.239802699,383742.5583,112.2287795,-0.370254925,-4.348149793,671752.099925
109659,"2019-01-01","Brent","E09000005",1048625.022,115.9517214,0.599884433,-0.487638631,689078.9429,116.0406956,0.531030297,-0.7899264,578206.6582,113.489769,0.478206918,-1.56264697,385117.341,112.6308464,0.358256508,-3.960137873,675256.991025
110031,"2019-02-01","Brent","E09000005",1040751.844,115.0811447,-0.750809637,-1.096869525,684652.9385,115.2953577,-0.642307307,-1.216503045,573748.7175,112.6147693,-0.770994345,-2.040834933,385910.3512,112.862769,0.205913927,-3.808163117,671265.9628
110423,"2019-03-01","Brent","E09000005",1033802.578,114.3127296,-0.667715923,0.27258988,679020.5923,114.3468722,-0.822657131,-0.151470514,571270.0261,112.1282544,-0.432016909,-0.683823171,383368.4439,112.1193665,-0.658678182,-2.177272085,666865.410075
110846,"2019-04-01","Brent","E09000005",1053719.402,116.5150326,1.926559704,1.382867441,694393.1739,116.9356106,2.263934516,1.025658936,585625.8018,114.9459904,2.512957996,0.67876743,391878.2111,114.6081204,2.219735939,-0.220620047,681404.1472
111212,"2019-05-01","Brent","E09000005",1043557.308,115.391359,-0.964402267,0.753230543,689658.7593,116.1383365,-0.681806029,0.563757448,583900.8925,114.607427,-0.294541219,0.382114487,387354.4562,113.2851098,-1.154377743,0.009226226,676117.854
111616,"2019-06-01","Brent","E09000005",1029067.588,113.7891581,-1.388492985,-3.347398987,681249.8734,114.7222825,-1.219282121,-3.586549586,577021.0556,113.2570602,-1.178254216,-3.187494245,381919.1681,111.6955135,-1.403182019,-3.644928223,667314.421275
112023,"2019-07-01","Brent","E09000005",1020419.357,112.8328798,-0.840394844,-6.95110171,676385.3078,113.9030911,-0.714064799,-6.607384553,573131.8958,112.4937002,-0.674006572,-6.195335237,380059.1945,111.1515484,-0.487007138,-6.418642648,662498.938775
112412,"2019-08-01","Brent","E09000005",1052100.23,116.3359926,3.104691469,-6.706270387,696361.8656,117.2671377,2.953428691,-6.375024665,591022.9375,116.0053342,3.121627307,-5.753354321,390721.3022,114.2697726,2.805380808,-6.632166001,682551.583825
112813,"2019-09-01","Brent","E09000005",1085793.916,120.0616722,3.202516718,-2.178535464,716701.6493,120.6923514,2.9208641,-1.863131043,610054.1893,119.7407675,3.220052988,-1.192788956,403510.6105,118.0101147,3.273255952,-1.891680115,704015.091275
113192,"2019-10-01","Brent","E09000005",1076597.178,119.0447429,-0.847005799,0.585460796,711866.1164,119.8780491,-0.674692586,1.090681938,602353.1527,118.2292164,-1.262352866,1.287082859,396368.6274,115.9213809,-1.769961656,-0.386631354,696796.268625
113594,"2019-11-01","Brent","E09000005",951380.4437,105.1989013,-11.63078793,-9.226824409,628557.0808,105.8488314,-11.70290786,-8.64379296,530279.2794,104.0826356,-11.96538492,-8.558433554,348990.5724,102.0652652,-11.9530285,-9.39279209,614801.844075
113980,"2019-12-01","Brent","E09000005",935212.8047,103.4111645,-1.699387364,-10.28032126,618608.7571,104.1735366,-1.582723992,-9.749998406,519439.098,101.9549367,-2.044240053,-9.734160906,339810.6804,99.38052762,-2.630412596,-11.44826835,603267.83505
114365,"2020-01-01","Brent","E09000005",940813.5459,104.0304665,0.598873453,-10.2812229,622469.8647,104.823746,0.624159879,-9.666392927,523561.2961,102.7640372,0.79358642,-9.450835833,341631.4773,99.91303517,0.53582684,-11.29158807,607119.046
114772,"2020-02-01","Brent","E09000005",1029799.623,113.8701027,9.45841788,-1.05233746,681416.4789,114.7503389,9.469794041,-0.472715365,572285.3124,112.3275337,9.306267799,-0.255060282,372563.2275,108.959289,9.054127711,-3.458607331,664016.16045
115182,"2020-03-01","Brent","E09000005",1029385.187,113.8242766,-0.040244247,-0.427295398,681267.7272,114.7252891,-0.021829774,0.330937667,572033.7206,112.2781516,-0.043962656,0.133683638,372255.4509,108.8692771,-0.082610558,-2.898776138,663735.521425
115561,"2020-04-01","Brent","E09000005",1043452.506,115.3797705,1.3665748,-0.974348212,686710.4821,115.6418475,0.798915712,-1.106389296,578725.1436,113.5915367,1.169760243,-1.178339168,374640.9026,109.5669228,0.640810403,-4.398639159,670882.258575
115964,"2020-05-01","Brent","E09000005",1066346.814,117.9113088,2.194091996,2.18382885,703597.6237,118.4856373,2.459135555,2.021124826,591870.6269,116.1717178,2.271455344,1.364912176,385250.2798,112.6697255,2.831879028,-0.543217308,686766.3361
116342,"2020-06-01","Brent","E09000005",1069064.06,118.2117682,0.254818198,3.886670981,708283.2438,119.2746943,0.665951666,3.968201904,596220.8902,117.0255827,0.735002408,3.327406242,386713.3618,113.0976163,0.379774422,1.255290138,690070.38895
116742,"2020-07-01","Brent","E09000005",1063395.65,117.5849838,-0.530221698,4.21163048,706169.8468,118.9187989,-0.298383037,4.403486976,595355.7538,116.8557747,-0.145103338,3.87761669,386695.3747,113.0923558,-0.00465126,1.746091218,687904.156325
117134,"2020-08-01","Brent","E09000005",1098731.255,121.4922187,3.322902933,4.432184676,727122.9043,122.4472877,2.967141355,4.417392777,614420.7024,120.5978219,3.20227839,3.958859031,394838.9997,115.4740283,2.105953537,1.05387073,708778.46535
117518,"2020-09-01","Brent","E09000005",1161333.926,128.4145096,5.6977237,6.957122291,764664.8954,128.7693482,5.163087401,6.692219296,647526.592,127.0958096,5.388146823,6.142471176,413675.3973,120.9828932,4.770652771,2.519087869,746800.202675
117925,"2020-10-01","Brent","E09000005",1170248.813,129.4002733,0.767641979,8.698855671,768624.9228,129.4362157,0.517877492,7.973241743,651660.6269,127.9072334,0.63843477,8.18580827,413303.9417,120.8742578,-0.089793979,4.272617244,750959.5761
118327,"2020-11-01","Brent","E09000005",1157162.9,127.9532983,-1.11821631,21.62988084,759388.1868,127.880752,-1.201722151,20.81451471,645470.6114,126.692264,-0.949883309,21.72276694,408864.3116,119.5758502,-1.07418045,17.15626264,742721.50245
118712,"2020-12-01","Brent","E09000005",1113337.563,123.1073112,-3.787309243,19.04644131,730542.1203,123.0230827,-3.798592997,18.09437096,621345.8869,121.9570895,-3.737540335,19.61862119,392677.3289,114.8418292,-3.959010902,15.55767713,714475.724775
119092,"2021-01-01","Brent","E09000005",1116029,123.4,0.2,18.6,735738,123.9,0.7,18.2,624853,122.6,0.6,19.3,398676,116.6,1.5,16.7,718824
119485,"2021-02-01","Brent","E09000005",1082634,119.7,-3,5.1,717491,120.8,-2.5,5.3,608880,119.5,-2.6,6.4,392860,114.9,-1.5,5.4,700466.25
119881,"2021-03-01","Brent","E09000005",1063548,117.6,-1.8,3.3,708846,119.4,-1.2,4,602033,118.2,-1.1,5.2,394630,115.4,0.5,6,692264.25
120291,"2021-04-01","Brent","E09000005",1034768,114.4,-2.7,-0.8,688967,116,-2.8,0.3,585498,114.9,-2.7,1.2,385883,112.9,-2.2,3,673779
120670,"2021-05-01","Brent","E09000005",1049730,116.1,1.4,-1.6,697236,117.4,1.2,-0.9,592443,116.3,1.2,0.1,390394,114.2,1.2,1.3,682450.75
121070,"2021-06-01","Brent","E09000005",1069584,118.3,1.9,0,709546,119.5,1.8,0.2,605272,118.8,2.2,1.5,395768,115.7,1.4,2.3,695042.5
121475,"2021-07-01","Brent","E09000005",1080915,119.5,1.1,1.6,712833,120,0.5,0.9,607355,119.2,0.3,2,396974,116.1,0.3,2.7,699519.25
121877,"2021-08-01","Brent","E09000005",1078881,119.3,-0.2,-1.8,707449,119.1,-0.8,-2.7,600056,117.8,-1.2,-2.3,388399,113.6,-2.2,-1.6,693696.25
122271,"2021-09-01","Brent","E09000005",1087274,120.2,0.8,-6.4,709818,119.5,0.3,-7.2,598159,117.4,-0.3,-7.6,386418,113,-0.5,-6.6,695417.25
122641,"2021-10-01","Brent","E09000005",1091363,120.7,0.4,-6.7,711296,119.8,0.2,-7.5,593738,116.5,-0.7,-8.9,379915,111.1,-1.7,-8.1,694078
123062,"2021-11-01","Brent","E09000005",1112550,123,1.9,-3.9,725325,122.1,2,-4.5,604618,118.7,1.8,-6.3,387653,113.4,2,-5.2,707536.5
123439,"2021-12-01","Brent","E09000005",1120176,123.9,0.7,0.6,727321,122.5,0.3,-0.4,604285,118.6,-0.1,-2.7,384912,112.6,-0.7,-2,709173.5
123843,"2022-01-01","Brent","E09000005",1131736,125.1,1,1.4,737112,124.1,1.3,0.2,614255,120.6,1.6,-1.7,389475,113.9,1.2,-2.3,718144.5
124223,"2022-02-01","Brent","E09000005",1128300,124.8,-0.3,4.2,735644,123.9,-0.2,2.5,613267,120.4,-0.2,0.7,389418,113.9,0,-0.9,716657.25
124634,"2022-03-01","Brent","E09000005",1128238,124.8,0,6.1,737507,124.2,0.3,4,611913,120.1,-0.2,1.6,388980,113.8,-0.1,-1.4,716659.5
125033,"2022-04-01","Brent","E09000005",1152486,127.4,2.1,11.4,754802,127.1,2.3,9.6,626626,123,2.4,7,397473,116.2,2.2,3,732846.75
125398,"2022-05-01","Brent","E09000005",1169663,129.3,1.5,11.4,768227,129.4,1.8,10.2,637181,125.1,1.7,7.6,400452,117.1,0.7,2.6,743880.75
125820,"2022-06-01","Brent","E09000005",1183352,130.8,1.2,10.6,777496,130.9,1.2,9.6,647646,127.1,1.6,7,406042,118.8,1.4,2.6,753634
126198,"2022-07-01","Brent","E09000005",1212328,134.1,2.4,12.2,796434,134.1,2.4,11.7,665842,130.7,2.8,9.6,415803,121.6,2.4,4.7,772601.75
126601,"2022-08-01","Brent","E09000005",1231435,136.2,1.6,14.1,809078,136.2,1.6,14.4,679044,133.3,2,13.2,421569,123.3,1.4,8.5,785281.5
126975,"2022-09-01","Brent","E09000005",1264099,139.8,2.7,16.3,830302,139.8,2.6,17,697862,137,2.8,16.7,430568,125.9,2.1,11.4,805707.75
127369,"2022-10-01","Brent","E09000005",1258244,139.1,-0.5,15.3,826229,139.1,-0.5,16.2,693594,136.1,-0.6,16.8,426608,124.8,-0.9,12.3,801168.75
127778,"2022-11-01","Brent","E09000005",1245504,137.7,-1,12,816707,137.5,-1.2,12.6,684136,134.3,-1.4,13.2,421211,123.2,-1.3,8.7,791889.5
128155,"2022-12-01","Brent","E09000005",1227331,135.7,-1.5,9.6,806225,135.8,-1.3,10.8,674147,132.3,-1.5,11.6,414782,121.3,-1.5,7.8,780621.25
128555,"2023-01-01","Brent","E09000005",1213974,134.2,-1.1,7.3,798841,134.5,-0.9,8.4,664356,130.4,-1.5,8.2,409580,119.8,-1.3,5.2,771687.75
128951,"2023-02-01","Brent","E09000005",1184700,131,-2.4,5,778833,131.2,-2.5,5.9,646802,127,-2.6,5.5,400239,117.1,-2.3,2.8,752643.5
129338,"2023-03-01","Brent","E09000005",1172577,129.7,-1,3.9,769189,129.5,-1.2,4.3,634670,124.6,-1.9,3.7,395696,115.7,-1.1,1.7,743033
129739,"2023-04-01","Brent","E09000005",1176477,130.1,0.3,2.1,770341,129.7,0.1,2.1,636424,124.9,0.3,1.6,398195,116.5,0.6,0.2,745359.25
130132,"2023-05-01","Brent","E09000005",1171274,129.5,-0.4,0.1,770153,129.7,0,0.3,637524,125.1,0.2,0.1,400391,117.1,0.6,0,744835.5
130536,"2023-06-01","Brent","E09000005",1177236,130.2,0.5,-0.5,773662,130.3,0.5,-0.5,644837,126.6,1.1,-0.4,403383,118,0.7,-0.7,749779.5
130929,"2023-07-01","Brent","E09000005",1165649,128.9,-1,-3.9,766962,129.2,-0.9,-3.7,641460,125.9,-0.5,-3.7,398458,116.5,-1.2,-4.2,743132.25
131312,"2023-08-01","Brent","E09000005",1211981,134,4,-1.6,793982,133.7,3.5,-1.9,665069,130.5,3.7,-2.1,410191,120,2.9,-2.7,770305.75
131707,"2023-09-01","Brent","E09000005",1213831,134.2,0.2,-4,794690,133.8,0.1,-4.3,666513,130.8,0.2,-4.5,409594,119.8,-0.1,-4.9,771157
132097,"2023-10-01","Brent","E09000005",1209871,133.8,-0.3,-3.8,792907,133.5,-0.2,-4,664567,130.4,-0.3,-4.2,410117,119.9,0.1,-3.9,769365.5
132489,"2023-11-01","Brent","E09000005",1176934,130.1,-2.7,-5.5,771878,130,-2.7,-5.5,644412,126.5,-3,-5.8,399537,116.8,-2.6,-5.1,748190.25
132890,"2023-12-01","Brent","E09000005",1164229,128.7,-1.1,-5.1,766872,129.1,-0.6,-4.9,638124,125.3,-1,-5.3,397365,116.2,-0.5,-4.2,741647.5
133302,"2024-01-01","Brent","E09000005",1200091,132.7,3.1,-1.1,789856,133,3,-1.1,659405,129.4,3.3,-0.7,411118,120.2,3.5,0.4,765117.5
133673,"2024-02-01","Brent","E09000005",1192114,131.8,-0.7,0.6,789069,132.9,-0.1,1.3,661240,129.8,0.3,2.2,415815,121.6,1.1,3.9,764559.5
134067,"2024-03-01","Brent","E09000005",1137390,125.8,-4.6,-3,752223,126.7,-4.7,-2.2,633087,124.3,-4.3,-0.2,405085,118.5,-2.6,2.4,731946.25
